timestamp,cow_id,rumination_min,activity_score,temp_celsius,label
2026-06-07 01:35:36.980123,rw-kig-001,44.96871643941141,47.25560572055477,38.15319118147432,0.0
2026-06-07 00:35:36.980123,rw-kig-001,41.58970743699523,53.38084924210044,38.5869958566189,0.0
2026-06-06 23:35:36.980123,rw-kig-001,48.03534039520512,67.34753025666865,38.41857072237286,0.0
2026-06-06 22:35:36.980123,rw-kig-001,49.256982779333775,39.96765784377276,38.800012339217425,0.0
2026-06-06 21:35:36.980123,rw-kig-001,44.951290808536264,55.239869048351544,38.4165393583073,0.0
2026-06-06 20:35:36.980123,rw-kig-001,43.75657012447193,60.206928168854795,38.21423837657637,0.0
2026-06-06 19:35:36.980123,rw-kig-001,45.73677401708185,48.03835597576624,39.07308110211439,0.0
2026-06-06 18:35:36.980123,rw-kig-001,41.399332573260956,59.40761380451112,38.57555177391977,0.0
2026-06-06 17:35:36.980123,rw-kig-001,41.9101459888072,37.1710028964429,38.12113003536473,0.0
2026-06-06 16:35:36.980123,rw-kig-001,44.81433340588983,63.32977894670375,38.853831933613016,0.0
2026-06-06 15:35:36.980123,rw-kig-001,44.72057194888962,55.37838750644858,38.633865295911185,0.0
2026-06-06 14:35:36.980123,rw-kig-001,43.59787461462841,38.072337228835295,38.55594807029087,0.0
2026-06-06 13:35:36.980123,rw-kig-001,45.422160188864005,72.13349289704762,38.31008044166002,0.0
2026-06-06 12:35:36.980123,rw-kig-001,45.91743193083076,57.055741419131614,38.31246622449315,0.0
2026-06-06 11:35:36.980123,rw-kig-001,45.58884567931185,43.72976866378563,38.476311163027056,0.0
2026-06-06 10:35:36.980123,rw-kig-001,48.75189468649387,44.552459547162684,38.24347963911336,0.0
2026-06-06 09:35:36.980123,rw-kig-001,47.87282618124339,58.90255708454136,38.62779132565768,0.0
2026-06-06 08:35:36.980123,rw-kig-001,50.568811729214616,38.28888638193189,38.230625693643184,0.0
2026-06-06 07:35:36.980123,rw-kig-001,44.091031537844806,55.012955666162405,38.44114349625726,0.0
2026-06-06 06:35:36.980123,rw-kig-001,45.12009623440171,57.58838790383361,38.86645050718947,0.0
2026-06-06 05:35:36.980123,rw-kig-001,41.107848095906284,58.50339063950287,38.596438250840365,0.0
2026-06-06 04:35:36.980123,rw-kig-001,40.018092023469,46.600423870130214,38.705098192346924,0.0
2026-06-06 03:35:36.980123,rw-kig-001,46.86651053761645,47.765494384769525,38.41796327579474,0.0
2026-06-06 02:35:36.980123,rw-kig-001,44.38865095528429,46.03726133849515,38.5459437252604,0.0
2026-06-06 01:35:36.980123,rw-kig-001,37.30655091795926,47.465248526299305,38.46111530913344,0.0
2026-06-06 00:35:36.980123,rw-kig-001,45.787784115841724,62.21171721141338,38.6872336491383,0.0
2026-06-05 23:35:36.980123,rw-kig-001,45.49411372545476,49.15803057641427,38.56394754064655,0.0
2026-06-05 22:35:36.980123,rw-kig-001,39.311943866032976,56.13378595105602,38.490580710120476,0.0
2026-06-05 21:35:36.980123,rw-kig-001,57.21201970904566,44.099659463289335,38.408676967270075,0.0
2026-06-05 20:35:36.980123,rw-kig-001,41.709488593663316,36.666377814127735,38.505892993457785,0.0
2026-06-05 19:35:36.980123,rw-kig-001,39.92351448776094,48.672534546041106,38.65127243598236,0.0
2026-06-05 18:35:36.980123,rw-kig-001,52.119094926643,47.383960957543,38.44183782142767,0.0
2026-06-05 17:35:36.980123,rw-kig-001,39.14377509338176,43.77750024798777,38.45166368817881,0.0
2026-06-05 16:35:36.980123,rw-kig-001,55.6848695478746,54.97795442607393,38.4668459875498,0.0
2026-06-05 15:35:36.980123,rw-kig-001,37.26754803872755,55.20553812854657,38.660914100003275,0.0
2026-06-05 14:35:36.980123,rw-kig-001,43.76858660725721,41.92955929477323,37.70198548575599,0.0
2026-06-05 13:35:36.980123,rw-kig-001,48.08041613095256,40.876230947816325,38.45792069895579,0.0
2026-06-05 12:35:36.980123,rw-kig-001,41.78802444391843,70.08931022380953,38.59234485169529,0.0
2026-06-05 11:35:36.980123,rw-kig-001,45.69159863174798,40.748434219050736,38.270432552674286,0.0
2026-06-05 10:35:36.980123,rw-kig-001,41.872586633963756,40.644210033959425,38.6222794290526,0.0
2026-06-05 09:35:36.980123,rw-kig-001,53.35530348093329,54.3046225872426,38.74647675107204,0.0
2026-06-05 08:35:36.980123,rw-kig-001,38.169943886472,46.671590503362495,38.27858033474796,0.0
2026-06-05 07:35:36.980123,rw-kig-001,38.37632484377069,45.19980715525566,38.60880098725105,0.0
2026-06-05 06:35:36.980123,rw-kig-001,46.734616739155086,31.1984312444603,38.80639757270177,0.0
2026-06-05 05:35:36.980123,rw-kig-001,45.06312875043778,50.41967794658382,38.49244020136915,0.0
2026-06-05 04:35:36.980123,rw-kig-001,39.76043885702982,63.39990278784942,38.263111621224375,0.0
2026-06-05 03:35:36.980123,rw-kig-001,41.170145436666644,33.184487693683295,38.317574528634395,0.0
2026-06-05 02:35:36.980123,rw-kig-001,45.737057814991665,53.026835535470944,38.733590144341626,0.0
2026-06-05 01:35:36.980123,rw-kig-001,40.94054763039353,47.68589438787894,38.61126924676281,0.0
2026-06-05 00:35:36.980123,rw-kig-001,37.2446903755605,48.07036680556637,38.56037656910768,0.0
2026-06-04 23:35:36.980123,rw-kig-001,40.93522012605144,66.88432234412137,38.502247625439495,0.0
2026-06-04 22:35:36.980123,rw-kig-001,39.92582178309133,42.25950048534303,38.702717116528575,0.0
2026-06-04 21:35:36.980123,rw-kig-001,42.15038561564694,49.56369911738433,38.467505759559316,0.0
2026-06-04 20:35:36.980123,rw-kig-001,39.63656753368093,41.43606278806304,38.71132987223155,0.0
2026-06-04 19:35:36.980123,rw-kig-001,45.584949304908584,46.06661038673238,38.25128343379796,0.0
2026-06-04 18:35:36.980123,rw-kig-001,32.389973633901434,38.79388143556025,38.44718410983981,0.0
2026-06-04 17:35:36.980123,rw-kig-001,43.343032103516,53.29806409528984,38.567989536171325,0.0
2026-06-04 16:35:36.980123,rw-kig-001,40.08389976528181,43.75510665702584,38.45267016781334,0.0
2026-06-04 15:35:36.980123,rw-kig-001,40.14634214074477,54.10483652873423,38.707632413696054,0.0
2026-06-04 14:35:36.980123,rw-kig-001,43.27492485571104,40.00761460742627,38.48575476444693,0.0
2026-06-04 13:35:36.980123,rw-kig-001,48.193079280342175,51.398092348728916,38.13291794114678,0.0
2026-06-04 12:35:36.980123,rw-kig-001,48.60859295147989,50.461469701871636,38.50503532510988,0.0
2026-06-04 11:35:36.980123,rw-kig-001,38.9789828238157,60.774646340469985,38.52686547539358,0.0
2026-06-04 10:35:36.980123,rw-kig-001,53.00065905127319,53.009517018955364,38.74582454395255,0.0
2026-06-04 09:35:36.980123,rw-kig-001,42.50395228807568,59.135694021327325,38.387399829733056,0.0
2026-06-04 08:35:36.980123,rw-kig-001,39.87253034966941,50.742190932144,38.50579881534394,0.0
2026-06-04 07:35:36.980123,rw-kig-001,51.27106837159915,57.3623004063549,38.816265254708014,0.0
2026-06-04 06:35:36.980123,rw-kig-001,38.73159354586275,59.243080462602286,38.06302086932635,0.0
2026-06-04 05:35:36.980123,rw-kig-001,39.40945518681995,38.24070009421952,38.782271079095594,0.0
2026-06-04 04:35:36.980123,rw-kig-001,37.51873280882322,63.309481166671326,38.440457788635314,0.0
2026-06-04 03:35:36.980123,rw-kig-001,43.06020757338251,59.43936402963879,38.60239195260225,0.0
2026-06-04 02:35:36.980123,rw-kig-001,48.6575886086275,30.560755496544637,38.50677255578206,0.0
2026-06-04 01:35:36.980123,rw-kig-001,43.51218925733038,63.58873238275772,38.494599345309126,0.0
2026-06-04 00:35:36.980123,rw-kig-001,44.552933604039545,54.66231103630704,38.46010878995236,0.0
2026-06-03 23:35:36.980123,rw-kig-001,48.54041951604513,42.703251573383625,38.49376361137277,0.0
2026-06-03 22:35:36.980123,rw-kig-001,47.99535859065439,66.12883724828278,38.24347001262445,0.0
2026-06-03 21:35:36.980123,rw-kig-001,37.42067046431231,47.23811208014345,38.43191994666313,0.0
2026-06-03 20:35:36.980123,rw-kig-001,49.113296118120346,44.420326728163715,38.55524438125164,0.0
2026-06-03 19:35:36.980123,rw-kig-001,45.56648453999319,60.8251345167229,38.45911777401284,0.0
2026-06-03 18:35:36.980123,rw-kig-001,35.134430744557065,35.02597302621447,38.86712034301349,0.0
2026-06-03 17:35:36.980123,rw-kig-001,43.070961429413295,41.68075270769077,38.36075602277905,0.0
2026-06-03 16:35:36.980123,rw-kig-001,47.693959373877156,69.00446524879256,38.63702834375354,0.0
2026-06-03 15:35:36.980123,rw-kig-001,49.73653326049998,46.880518781500705,38.325672743765246,0.0
2026-06-03 14:35:36.980123,rw-kig-001,40.79289464912959,55.28568184651937,38.44396810673242,0.0
2026-06-03 13:35:36.980123,rw-kig-001,42.69849853610564,43.02240556943323,38.46542081762031,0.0
2026-06-03 12:35:36.980123,rw-kig-001,43.82297964154135,61.439034539580646,38.63375373870189,0.0
2026-06-03 11:35:36.980123,rw-kig-001,31.668241442594717,45.16941262684138,38.56609175599031,0.0
2026-06-03 10:35:36.980123,rw-kig-001,43.07295167377886,47.43314176108192,38.44755410698093,0.0
2026-06-03 09:35:36.980123,rw-kig-001,49.81076077562261,43.10183009975556,38.29924454738249,0.0
2026-06-03 08:35:36.980123,rw-kig-001,46.14012221308024,49.36607120428173,37.79611357285867,0.0
2026-06-03 07:35:36.980123,rw-kig-001,53.53113171680805,67.07300886143939,38.08935632848372,0.0
2026-06-03 06:35:36.980123,rw-kig-001,40.161557487920284,73.13336857572035,38.33507396327171,0.0
2026-06-03 05:35:36.980123,rw-kig-001,36.54485408069816,45.99271535300038,38.314560146692685,0.0
2026-06-03 04:35:36.980123,rw-kig-001,48.68126693059786,49.28604068320697,38.77915299640437,0.0
2026-06-03 03:35:36.980123,rw-kig-001,45.815135801917975,58.70771672240917,38.67115006981978,0.0
2026-06-03 02:35:36.980123,rw-kig-001,49.89398260201618,51.415050022173716,38.48848794352429,0.0
2026-06-03 01:35:36.980123,rw-kig-001,45.57246018278037,60.05649827099211,38.369214082393135,0.0
2026-06-03 00:35:36.980123,rw-kig-001,39.8774707908944,41.603697974480426,38.713520510025106,0.0
2026-06-02 23:35:36.980123,rw-kig-001,41.28553792130932,55.36179528816739,38.41463271869299,0.0
2026-06-02 22:35:36.980123,rw-kig-001,44.93014832048429,44.034006831078955,38.48788080684711,0.0
2026-06-02 21:35:36.980123,rw-kig-001,51.47367063828585,63.50781728889782,38.352265116458945,0.0
2026-06-02 20:35:36.980123,rw-kig-001,37.39047326516143,43.35250312223573,38.550088174988424,0.0
2026-06-02 19:35:36.980123,rw-kig-001,44.36563589011133,38.09819905548597,38.37844511131166,0.0
2026-06-02 18:35:36.980123,rw-kig-001,45.320004238228385,66.94974671420863,38.39354679820071,0.0
2026-06-02 17:35:36.980123,rw-kig-001,39.33032657830703,28.325855051976248,38.528273040308854,0.0
2026-06-02 16:35:36.980123,rw-kig-001,53.85292845117739,49.601368376014214,38.72663121983716,0.0
2026-06-02 15:35:36.980123,rw-kig-001,46.613357025064296,40.056829893151686,38.727486265955136,0.0
2026-06-02 14:35:36.980123,rw-kig-001,43.81845845061094,33.2695621525076,38.39365731015829,0.0
2026-06-02 13:35:36.980123,rw-kig-001,46.59365541148805,48.383223854312455,38.73046284765025,0.0
2026-06-02 12:35:36.980123,rw-kig-001,43.51401087374,32.54244920519402,38.22863691716711,0.0
2026-06-02 11:35:36.980123,rw-kig-001,43.31182582416589,60.58410882125923,38.67122473449001,0.0
2026-06-02 10:35:36.980123,rw-kig-001,52.84094860501793,42.74582878464891,38.26233480417336,0.0
2026-06-02 09:35:36.980123,rw-kig-001,44.61855991980058,34.092207678075255,38.490827894718606,0.0
2026-06-02 08:35:36.980123,rw-kig-001,38.66772515377129,52.471987904508914,38.835002318546344,0.0
2026-06-02 07:35:36.980123,rw-kig-001,36.72634382245283,63.80273024468936,38.139660784884384,0.0
2026-06-02 06:35:36.980123,rw-kig-001,39.29649549195445,54.61514245080232,38.86862512985387,0.0
2026-06-02 05:35:36.980123,rw-kig-001,43.973172032818375,48.54244161379846,38.545620424714166,0.0
2026-06-02 04:35:36.980123,rw-kig-001,45.92823361185751,37.67175852978389,38.2971964653,0.0
2026-06-02 03:35:36.980123,rw-kig-001,46.25039769735528,46.151152478606924,38.738627342364204,0.0
2026-06-02 02:35:36.980123,rw-kig-001,50.88403966183523,71.10701401854645,38.7248825966394,0.0
2026-06-02 01:35:36.980123,rw-kig-001,41.021816257151706,58.77226033955029,38.91585448371548,0.0
2026-06-02 00:35:36.980123,rw-kig-001,49.732601485085645,46.91413215085787,38.54329258416158,0.0
2026-06-01 23:35:36.980123,rw-kig-001,48.408772093346954,65.87898679697275,38.11795866505662,0.0
2026-06-01 22:35:36.980123,rw-kig-001,42.92797106484261,58.73608756158478,38.691980900436164,0.0
2026-06-01 21:35:36.980123,rw-kig-001,45.140394310728425,38.44542629614436,38.267051471229074,0.0
2026-06-01 20:35:36.980123,rw-kig-001,39.51954764666492,37.01528706443729,38.84303610621585,0.0
2026-06-01 19:35:36.980123,rw-kig-001,47.118683490587095,50.625886808652034,38.59688570702557,0.0
2026-06-01 18:35:36.980123,rw-kig-001,47.6979464966815,64.2791805090583,38.402629338301494,0.0
2026-06-01 17:35:36.980123,rw-kig-001,48.020860043681935,44.17934582329744,38.50972473733066,0.0
2026-06-01 16:35:36.980123,rw-kig-001,45.26319217764006,39.071495905751355,38.439351136461376,0.0
2026-06-01 15:35:36.980123,rw-kig-001,43.81608926985068,66.70364488348542,38.42904410034845,0.0
2026-06-01 14:35:36.980123,rw-kig-001,40.337589429354104,57.03200462128234,38.60295910303065,0.0
2026-06-01 13:35:36.980123,rw-kig-001,47.40412021062812,38.59793461370563,38.401542148601415,0.0
2026-06-01 12:35:36.980123,rw-kig-001,50.6936203731886,41.75199284748028,38.46248472858457,0.0
2026-06-01 11:35:36.980123,rw-kig-001,51.32286128617907,38.581826177897575,38.56495307703987,0.0
2026-06-01 10:35:36.980123,rw-kig-001,44.42472839356025,57.03054808692435,38.45627815467238,0.0
2026-06-01 09:35:36.980123,rw-kig-001,44.606528805710994,45.406322942209925,38.20503646954062,0.0
2026-06-01 08:35:36.980123,rw-kig-001,48.26501226410128,54.30018758583391,38.32479075745479,0.0
2026-06-01 07:35:36.980123,rw-kig-001,40.596250964394876,50.73424396764301,38.398699376534694,0.0
2026-06-01 06:35:36.980123,rw-kig-001,41.93745116166247,37.91460192761015,38.26808399615397,0.0
2026-06-01 05:35:36.980123,rw-kig-001,39.184667861357674,63.28095664912196,38.48665193116387,0.0
2026-06-01 04:35:36.980123,rw-kig-001,33.00714833793258,44.23335852060836,38.58827420681214,0.0
2026-06-01 03:35:36.980123,rw-kig-001,40.03063317630833,55.30290812078791,38.93701662689186,0.0
2026-06-01 02:35:36.980123,rw-kig-001,45.06152736008442,26.706056889470837,38.60019593729474,0.0
2026-06-01 01:35:36.980123,rw-kig-001,48.614360701268794,58.00566122053693,38.21903077638738,0.0
2026-06-01 00:35:36.980123,rw-kig-001,42.23977828884031,40.33679075209484,38.66859568033732,0.0
2026-05-31 23:35:36.980123,rw-kig-001,47.8616618239815,35.992112789472614,38.30266291826152,0.0
2026-05-31 22:35:36.980123,rw-kig-001,43.89495027972793,65.00399087527299,38.067348606234646,0.0
2026-05-31 21:35:36.980123,rw-kig-001,47.447175239447986,45.63397402030809,38.672157195110756,0.0
2026-05-31 20:35:36.980123,rw-kig-001,38.186801217900296,41.105103514484725,38.12418723917445,0.0
2026-05-31 19:35:36.980123,rw-kig-001,51.61126888947503,44.320241557020836,38.659732501300105,0.0
2026-05-31 18:35:36.980123,rw-kig-001,46.528129278277184,49.631190350728716,38.606634585887925,0.0
2026-05-31 17:35:36.980123,rw-kig-001,49.51651658620324,53.73622958980808,38.54549354083593,0.0
2026-05-31 16:35:36.980123,rw-kig-001,43.16944609953754,65.35253303254335,38.647979065049796,0.0
2026-05-31 15:35:36.980123,rw-kig-001,53.15423764374149,51.57031658728041,38.679857222841335,0.0
2026-05-31 14:35:36.980123,rw-kig-001,38.55350198148025,49.98290552410014,38.64671244408077,0.0
2026-05-31 13:35:36.980123,rw-kig-001,45.65046101610421,75.32795139658157,38.348810978688405,0.0
2026-05-31 12:35:36.980123,rw-kig-001,33.149286135467875,40.89955051697706,38.766487326462745,0.0
2026-05-31 11:35:36.980123,rw-kig-001,48.913890499442516,41.09994859777298,38.69536251568949,0.0
2026-05-31 10:35:36.980123,rw-kig-001,48.290823294233945,74.59363001711397,38.56591584878846,0.0
2026-05-31 09:35:36.980123,rw-kig-001,46.804091008257444,67.81049582751496,38.19697495513704,0.0
2026-05-31 08:35:36.980123,rw-kig-001,39.72683095676619,41.99528454077906,38.27433025711429,0.0
2026-05-31 07:35:36.980123,rw-kig-001,37.65671914104736,58.00955552920767,38.417072048646915,0.0
2026-05-31 06:35:36.980123,rw-kig-001,44.784305483146916,47.50605255691313,38.535743424303185,0.0
2026-05-31 05:35:36.980123,rw-kig-001,43.74940865742701,45.50650048602988,38.64492586624039,0.0
2026-05-31 04:35:36.980123,rw-kig-001,39.88691929322753,50.74699475624224,38.21646398095987,0.0
2026-05-31 03:35:36.980123,rw-kig-001,37.98816605867842,40.29498614758358,38.48961250790868,0.0
2026-05-31 02:35:36.980123,rw-kig-001,56.63186961625664,44.62036425604717,38.18251916818165,0.0
2026-05-31 01:35:36.980123,rw-kig-001,48.49038705195932,60.31479076505125,38.41302108245962,0.0
2026-05-31 00:35:36.980123,rw-kig-001,52.08667781049235,47.614826172686165,38.61800010964922,0.0
2026-05-30 23:35:36.980123,rw-kig-001,45.41488153918383,42.45050711356856,38.365010726035464,0.0
2026-05-30 22:35:36.980123,rw-kig-001,43.347992234697365,66.19140564675149,38.33848511221353,0.0
2026-05-30 21:35:36.980123,rw-kig-001,39.709104480515805,41.61304154135021,38.69456008664225,0.0
2026-05-30 20:35:36.980123,rw-kig-001,46.370403356640416,41.37677019887495,38.32820662192459,0.0
2026-05-30 19:35:36.980123,rw-kig-001,47.03449469958814,58.61050060703693,38.41448558953831,0.0
2026-05-30 18:35:36.980123,rw-kig-001,43.803585166925046,52.641295201151536,38.34944835019369,0.0
2026-05-30 17:35:36.980123,rw-kig-001,48.334799494085004,58.55365180684139,38.75075761768042,0.0
2026-05-30 16:35:36.980123,rw-kig-001,46.86638634302712,54.74221220764466,38.7493582382199,0.0
2026-05-30 15:35:36.980123,rw-kig-001,41.08212475372386,44.03580261510758,38.71600389166443,0.0
2026-05-30 14:35:36.980123,rw-kig-001,44.50888623048322,54.077871654830865,38.21777806442676,0.0
2026-05-30 13:35:36.980123,rw-kig-001,39.475112205776384,36.65889752822271,38.56461428999091,0.0
2026-05-30 12:35:36.980123,rw-kig-001,46.01049131474984,40.257790391306784,38.657540938764285,0.0
2026-05-30 11:35:36.980123,rw-kig-001,45.55937451964628,38.86773305805469,38.25332924829712,0.0
2026-05-30 10:35:36.980123,rw-kig-001,50.42316503162502,51.07670641131823,38.24852997734413,0.0
2026-05-30 09:35:36.980123,rw-kig-001,40.67134961012944,29.78574167117044,38.34811525073286,0.0
2026-05-30 08:35:36.980123,rw-kig-001,40.60990911581478,42.0445404121975,38.29001621630493,0.0
2026-05-30 07:35:36.980123,rw-kig-001,47.167057996357016,46.682282247331386,38.338947541432326,0.0
2026-05-30 06:35:36.980123,rw-kig-001,45.434439981738485,53.290412835747325,38.319722602813,0.0
2026-05-30 05:35:36.980123,rw-kig-001,42.083980984790806,46.04110144703547,38.238676139233476,0.0
2026-05-30 04:35:36.980123,rw-kig-001,54.99330107010294,45.24864182492448,38.45076051712888,0.0
2026-05-30 03:35:36.980123,rw-kig-001,41.620948333082936,51.589700570020824,38.76459477175942,0.0
2026-05-30 02:35:36.980123,rw-kig-001,55.78095638319684,47.73252033273344,38.531804033233456,0.0
2026-05-30 01:35:36.980123,rw-kig-001,44.59733429095587,39.48494412398828,38.60667597617298,0.0
2026-05-30 00:35:36.980123,rw-kig-001,48.65129526924328,38.14331225595238,38.42355217780494,0.0
2026-05-29 23:35:36.980123,rw-kig-001,38.55518460357999,43.47651950077646,38.41779919256225,0.0
2026-05-29 22:35:36.980123,rw-kig-001,50.5215960840147,49.11321374010805,38.35841694742783,0.0
2026-05-29 21:35:36.980123,rw-kig-001,40.920642766509765,51.59764001346556,38.77933248530174,0.0
2026-05-29 20:35:36.980123,rw-kig-001,43.2765576430147,43.96634459737956,38.56337507301384,0.0
2026-05-29 19:35:36.980123,rw-kig-001,45.79696298998999,52.95666425519233,38.5578099849445,0.0
2026-05-29 18:35:36.980123,rw-kig-001,46.17475765565237,49.60261105830421,38.3079677277116,0.0
2026-05-29 17:35:36.980123,rw-kig-001,27.30062181334211,53.149489130873796,39.40560155437485,2.0
2026-05-29 16:35:36.980123,rw-kig-001,24.64947190522544,36.81738903728723,39.68750725399543,2.0
2026-05-29 15:35:36.980123,rw-kig-001,27.353831535328695,46.11578258608857,39.63359571451409,2.0
2026-05-29 14:35:36.980123,rw-kig-001,28.066423292870716,40.55345241128579,39.50582858217815,2.0
2026-05-29 13:35:36.980123,rw-kig-001,28.154831557824686,52.491495819852176,39.88061838882767,2.0
2026-05-29 12:35:36.980123,rw-kig-001,25.33539836942331,35.889016226891385,39.950701418159774,2.0
2026-05-29 11:35:36.980123,rw-kig-001,22.32355955852416,50.07107482053897,39.726374876122186,2.0
2026-05-29 10:35:36.980123,rw-kig-001,31.737507688167,26.209146316455254,39.4155315468945,2.0
2026-05-29 09:35:36.980123,rw-kig-001,31.478567647270154,44.791426195979724,39.58567599918963,2.0
2026-05-29 08:35:36.980123,rw-kig-001,26.893797779763915,67.60155543651811,39.5586143468285,2.0
2026-05-29 07:35:36.980123,rw-kig-001,31.922370022059788,56.040768763650426,39.584897973735806,2.0
2026-05-29 06:35:36.980123,rw-kig-001,23.886540057145254,34.12608869814872,39.99170754467025,2.0
2026-05-29 05:35:36.980123,rw-kig-001,36.251743790446575,38.82399059219005,39.74622131397423,2.0
2026-05-29 04:35:36.980123,rw-kig-001,36.07237443990657,50.0352384684761,39.80037811850395,2.0
2026-05-29 03:35:36.980123,rw-kig-001,38.6865633868066,32.772222622407234,39.46911791225184,2.0
2026-05-29 02:35:36.980123,rw-kig-001,34.94103741696409,55.13153748153865,39.697651308222504,2.0
2026-05-29 01:35:36.980123,rw-kig-001,35.72605529134046,62.41570797698219,39.39676904350753,2.0
2026-05-29 00:35:36.980123,rw-kig-001,40.879691934286114,39.140898269152025,39.714891626331564,2.0
2026-05-28 23:35:36.980123,rw-kig-001,20.774980732463057,33.33919924170828,39.757828539891264,2.0
2026-05-28 22:35:36.980123,rw-kig-001,27.119009058203055,46.179037638102955,39.748506880496926,2.0
2026-05-28 21:35:36.980123,rw-kig-001,33.950927922811424,75.38951252049371,39.76755018907387,2.0
2026-05-28 20:35:36.980123,rw-kig-001,26.34912875880292,54.15485593592365,39.62176445329739,2.0
2026-05-28 19:35:36.980123,rw-kig-001,26.503380016762122,43.86683718391816,39.58613458968303,2.0
2026-05-28 18:35:36.980123,rw-kig-001,24.276965985648978,50.695477452154755,39.57753922793707,2.0
2026-05-28 17:35:36.980123,rw-kig-001,15.833464154914019,55.57582148618666,39.37120442865325,2.0
2026-05-28 16:35:36.980123,rw-kig-001,38.31012659157899,58.355527791426915,39.74596073240916,2.0
2026-05-28 15:35:36.980123,rw-kig-001,27.212193672005625,21.79239120373643,39.84887979252906,2.0
2026-05-28 14:35:36.980123,rw-kig-001,31.472136213902722,35.3116113306078,39.757935149279945,2.0
2026-05-28 13:35:36.980123,rw-kig-001,31.311229815158995,58.5406886454711,39.573052352590224,2.0
2026-05-28 12:35:36.980123,rw-kig-001,31.086279085074267,24.992741977019417,39.4115993246059,2.0
2026-05-28 11:35:36.980123,rw-kig-001,25.446519341147884,42.26100730267682,39.86062588984368,2.0
2026-05-28 10:35:36.980123,rw-kig-001,24.371514049667574,31.342713208950464,39.79208490354846,2.0
2026-05-28 09:35:36.980123,rw-kig-001,32.97249744817171,37.07076171513989,39.944193063957194,2.0
2026-05-28 08:35:36.980123,rw-kig-001,32.73746886104717,33.4418414064941,40.195960178206086,2.0
2026-05-28 07:35:36.980123,rw-kig-001,28.44972508273152,46.856013281761435,39.84980814629523,2.0
2026-05-28 06:35:36.980123,rw-kig-001,33.33746989249805,36.029481763749345,39.90408080091731,2.0
2026-05-28 05:35:36.980123,rw-kig-001,29.63437965577915,52.21008773215529,39.9691175430253,2.0
2026-05-28 04:35:36.980123,rw-kig-001,30.57018723128565,37.811238700312664,39.89077537337038,2.0
2026-05-28 03:35:36.980123,rw-kig-001,28.743937751206595,47.99545120647772,39.27656690073016,2.0
2026-05-28 02:35:36.980123,rw-kig-001,28.673540610435587,61.838325067617404,39.655318139523466,2.0
2026-05-28 01:35:36.980123,rw-kig-001,24.184938538526886,56.356586872938365,39.792942517086445,2.0
2026-05-28 00:35:36.980123,rw-kig-001,38.83047308541528,50.12069233716056,39.91081592796873,2.0
2026-05-27 23:35:36.980123,rw-kig-001,27.243748456131193,51.884962406324554,39.51045319387968,2.0
2026-05-27 22:35:36.980123,rw-kig-001,29.140020915812393,54.684782559628,39.88370914036252,2.0
2026-05-27 21:35:36.980123,rw-kig-001,28.513360108367948,43.38499824765889,39.98774837996396,2.0
2026-05-27 20:35:36.980123,rw-kig-001,31.251455709723082,49.4464745926091,39.40127670812939,2.0
2026-05-27 19:35:36.980123,rw-kig-001,35.954825702426206,36.68696144781373,39.820415554274575,2.0
2026-05-27 18:35:36.980123,rw-kig-001,29.653645390859104,51.84454053213678,39.915861773608135,2.0
2026-05-27 17:35:36.980123,rw-kig-001,25.271662921045362,45.51749380810831,39.70018109660861,2.0
2026-05-27 16:35:36.980123,rw-kig-001,31.43334792879537,19.791542513632223,39.84506328629222,2.0
2026-05-27 15:35:36.980123,rw-kig-001,19.24647861810871,21.040570606077193,39.686971726275445,2.0
2026-05-27 14:35:36.980123,rw-kig-001,32.161297621688206,48.883300198309186,39.84055129843337,2.0
2026-05-27 13:35:36.980123,rw-kig-001,30.070478685474754,53.79800730110374,39.20767557982304,2.0
2026-05-27 12:35:36.980123,rw-kig-001,27.248004124366645,40.83048864977258,39.5290764792622,2.0
2026-05-27 11:35:36.980123,rw-kig-001,40.45032208729724,39.71030013016195,39.15545355285576,2.0
2026-05-27 10:35:36.980123,rw-kig-001,27.200484600732814,58.18900462082834,39.8955502926379,2.0
2026-05-27 09:35:36.980123,rw-kig-001,29.570930924484607,51.34489064513843,39.706780882654876,2.0
2026-05-27 08:35:36.980123,rw-kig-001,29.70708207156006,39.615408749062645,39.40170458228674,2.0
2026-05-27 07:35:36.980123,rw-kig-001,33.578525219548915,53.22401790262799,39.76278769613425,2.0
2026-05-27 06:35:36.980123,rw-kig-001,37.2576743578406,41.731441004292606,39.99204002170001,2.0
2026-05-27 05:35:36.980123,rw-kig-001,26.031958888434005,53.87168959752601,39.321151185990516,2.0
2026-05-27 04:35:36.980123,rw-kig-001,22.930405577376924,56.88187079728918,39.695158161904494,2.0
2026-05-27 03:35:36.980123,rw-kig-001,19.440991513186127,56.339699427387615,40.077705878849116,2.0
2026-05-27 02:35:36.980123,rw-kig-001,40.69354813599042,32.575317320306745,39.42334409106858,2.0
2026-05-27 01:35:36.980123,rw-kig-001,33.43354381043112,49.32984613295116,39.52803488114744,2.0
2026-05-27 00:35:36.980123,rw-kig-001,32.36030029584974,43.4123953977178,39.5265984214726,2.0
2026-05-26 23:35:36.980123,rw-kig-001,26.292579599976285,32.725439036696265,39.74148644357524,2.0
2026-05-26 22:35:36.980123,rw-kig-001,26.295645773087607,57.73894342449567,39.71414353472108,2.0
2026-05-26 21:35:36.980123,rw-kig-001,32.19274545930243,49.74288198595356,40.07009058356434,2.0
2026-05-26 20:35:36.980123,rw-kig-001,37.60457749613241,42.18569754657659,39.749255641062426,2.0
2026-05-26 19:35:36.980123,rw-kig-001,27.74639759888101,37.043466509900064,39.65410234920038,2.0
2026-05-26 18:35:36.980123,rw-kig-001,27.61649632478209,55.18433870792749,39.53196635498098,2.0
2026-05-26 17:35:36.980123,rw-kig-001,21.37902698362396,45.761521234183604,39.58301296220574,2.0
2026-05-26 16:35:36.980123,rw-kig-001,27.43954223456422,34.54153269968308,39.582929490845146,2.0
2026-05-26 15:35:36.980123,rw-kig-001,28.173936499198632,46.10145189135828,39.7679385519343,2.0
2026-05-26 14:35:36.980123,rw-kig-001,22.6128243337902,40.798630251741095,39.82659466863021,2.0
2026-05-26 13:35:36.980123,rw-kig-001,32.40025917136488,16.5783654809251,39.629106959049025,2.0
2026-05-26 12:35:36.980123,rw-kig-001,36.332545167694406,42.57021753706822,39.64571880586611,2.0
2026-05-26 11:35:36.980123,rw-kig-001,34.14953718773142,48.33753872191687,39.388367969110824,2.0
2026-05-26 10:35:36.980123,rw-kig-001,32.965775133923316,27.106314776419687,39.61284430561873,2.0
2026-05-26 09:35:36.980123,rw-kig-001,19.9503982858184,60.114262092820866,39.60575601517497,2.0
2026-05-26 08:35:36.980123,rw-kig-001,25.348946951865443,44.42941725908575,39.70954915524726,2.0
2026-05-26 07:35:36.980123,rw-kig-001,26.996098269262717,47.11725525963137,39.25060403570691,2.0
2026-05-26 06:35:36.980123,rw-kig-001,36.08152226187376,60.398967140842075,39.821946804712226,2.0
2026-05-26 05:35:36.980123,rw-kig-001,28.229434468464277,53.727502743195096,39.61764555658524,2.0
2026-05-26 04:35:36.980123,rw-kig-001,39.70098030690801,24.014130746842692,39.98221473224768,2.0
2026-05-26 03:35:36.980123,rw-kig-001,32.110541814447274,25.93049237109252,40.171032418604604,2.0
2026-05-26 02:35:36.980123,rw-kig-001,41.15950796263701,44.893959832561656,39.923225627095306,2.0
2026-05-26 01:35:36.980123,rw-kig-001,28.13598013051932,55.1396203814801,39.67368944154321,2.0
2026-05-26 00:35:36.980123,rw-kig-001,24.568761182430094,34.022011423996496,39.752237304329576,2.0
2026-05-25 23:35:36.980123,rw-kig-001,26.96492331250488,31.56780368673104,39.64472191357384,2.0
2026-05-25 22:35:36.980123,rw-kig-001,33.11142182348776,39.754310308342326,39.77504251235017,2.0
2026-05-25 21:35:36.980123,rw-kig-001,38.726003818196354,54.3940490591576,39.76845546437669,2.0
2026-05-25 20:35:36.980123,rw-kig-001,25.758056857758916,35.00644874623149,39.84509604595289,2.0
2026-05-25 19:35:36.980123,rw-kig-001,28.852965616781972,59.5951996794368,39.92878159675258,2.0
2026-05-25 18:35:36.980123,rw-kig-001,22.831453995412396,50.165766253002815,39.95240744388119,2.0
2026-05-25 17:35:36.980123,rw-kig-001,33.11647696573905,52.42873990264487,39.39314632022574,2.0
2026-05-25 16:35:36.980123,rw-kig-001,37.76765878602943,38.77827087812893,39.65479310548138,2.0
2026-05-25 15:35:36.980123,rw-kig-001,33.753559150655555,49.65401044949999,39.48658695493338,2.0
2026-05-25 14:35:36.980123,rw-kig-001,32.62500126284852,51.92435952996023,39.768238670728216,2.0
2026-05-25 13:35:36.980123,rw-kig-001,44.23799665929759,67.69595480757098,38.52862209181317,0.0
2026-05-25 12:35:36.980123,rw-kig-001,45.66630394493737,40.1644933008926,38.07281420930467,0.0
2026-05-25 11:35:36.980123,rw-kig-001,49.18315897647512,56.94735679001842,38.21288943070352,0.0
2026-05-25 10:35:36.980123,rw-kig-001,47.7956033347358,41.40616495672454,38.35780777243169,0.0
2026-05-25 09:35:36.980123,rw-kig-001,51.034913066122016,39.32353857064587,38.46262823108458,0.0
2026-05-25 08:35:36.980123,rw-kig-001,37.97680818699886,40.26930279174556,38.380906512918976,0.0
2026-05-25 07:35:36.980123,rw-kig-001,55.73050337633769,48.82103276696198,38.48810610286371,0.0
2026-05-25 06:35:36.980123,rw-kig-001,41.976287506135115,41.48109259929098,38.57572864462284,0.0
2026-05-25 05:35:36.980123,rw-kig-001,49.016319205774515,53.401869483804106,38.58509061320492,0.0
2026-05-25 04:35:36.980123,rw-kig-001,42.78835289150102,29.527394060193295,38.54088196904955,0.0
2026-05-25 03:35:36.980123,rw-kig-001,48.92819344930384,35.98655727486236,38.61464318409334,0.0
2026-05-25 02:35:36.980123,rw-kig-001,48.06265535305481,41.60981675181054,38.331665124502756,0.0
2026-05-25 01:35:36.980123,rw-kig-001,36.278947768473984,34.529201656136216,38.166623738256995,0.0
2026-05-25 00:35:36.980123,rw-kig-001,46.08846687585541,59.7329344309911,38.71726271497627,0.0
2026-05-24 23:35:36.980123,rw-kig-001,44.375811369369394,46.113925476357885,38.665757439833705,0.0
2026-05-24 22:35:36.980123,rw-kig-001,44.49860521525931,41.5512959337546,38.60130745772333,0.0
2026-05-24 21:35:36.980123,rw-kig-001,41.95369635694567,64.16656459958479,38.59141848435723,0.0
2026-05-24 20:35:36.980123,rw-kig-001,39.66377437290666,45.443284859670676,38.54193300822684,0.0
2026-05-24 19:35:36.980123,rw-kig-001,43.261399978413465,55.15662382381866,38.345074147263446,0.0
2026-05-24 18:35:36.980123,rw-kig-001,50.91868639524125,47.16804066149986,38.316859500873015,0.0
2026-05-24 17:35:36.980123,rw-kig-001,47.419169974898,40.81690447039932,38.20714050269332,0.0
2026-05-24 16:35:36.980123,rw-kig-001,51.06004345445491,61.86309998181832,38.81214298253403,0.0
2026-05-24 15:35:36.980123,rw-kig-001,46.83105114081065,55.78179021551637,38.6339522734145,0.0
2026-05-24 14:35:36.980123,rw-kig-001,37.401479317304606,48.975251085562306,38.75862845857377,0.0
2026-05-24 13:35:36.980123,rw-kig-001,45.660690087978764,38.14979503698072,38.3942565991805,0.0
2026-05-24 12:35:36.980123,rw-kig-001,52.641608416916014,31.964496484547993,38.617638515515324,0.0
2026-05-24 11:35:36.980123,rw-kig-001,42.48450314751221,61.51057359543576,38.58217770065307,0.0
2026-05-24 10:35:36.980123,rw-kig-001,50.25565475935855,39.48315909052369,38.42553274754117,0.0
2026-05-24 09:35:36.980123,rw-kig-001,36.26529806348738,30.43968008814936,38.54373272561029,0.0
2026-05-24 08:35:36.980123,rw-kig-001,43.47322621308475,54.907025544416214,38.631924414927155,0.0
2026-05-24 07:35:36.980123,rw-kig-001,45.27808073131175,26.131594408334223,38.39930040935238,0.0
2026-05-24 06:35:36.980123,rw-kig-001,45.33750627496495,50.89279784680568,38.071076544685006,0.0
2026-05-24 05:35:36.980123,rw-kig-001,47.66725318112145,56.082474881749356,38.55358473047406,0.0
2026-05-24 04:35:36.980123,rw-kig-001,38.46592815919057,49.37909167815553,38.798813943715054,0.0
2026-05-24 03:35:36.980123,rw-kig-001,40.551278862834245,63.174983590449855,38.391795228843726,0.0
2026-05-24 02:35:36.980123,rw-kig-001,36.936375387855875,48.21875956173155,38.686357816272604,0.0
2026-05-24 01:35:36.980123,rw-kig-001,48.109823509257666,45.48824477345897,38.56070605081698,0.0
2026-05-24 00:35:36.980123,rw-kig-001,34.86929898285102,49.949312928637525,38.71843612644143,0.0
2026-05-23 23:35:36.980123,rw-kig-001,49.16361491739305,37.25544607509375,38.82630032560581,0.0
2026-05-23 22:35:36.980123,rw-kig-001,49.166244078186374,61.58672379057425,38.39541840472287,0.0
2026-05-23 21:35:36.980123,rw-kig-001,47.421986689711844,39.48032779626372,38.43029608859355,0.0
2026-05-23 20:35:36.980123,rw-kig-001,38.0503893636697,47.07678142296191,38.45177258802094,0.0
2026-05-23 19:35:36.980123,rw-kig-001,48.72762475204501,61.35996237880257,38.8337735152529,0.0
2026-05-23 18:35:36.980123,rw-kig-001,46.99708820649335,61.50155591309779,38.33955300640156,0.0
2026-05-23 17:35:36.980123,rw-kig-001,39.41665667630093,51.88377422852053,38.59219657817335,0.0
2026-05-23 16:35:36.980123,rw-kig-001,47.13549533538878,49.48188388327422,38.70579961834814,0.0
2026-05-23 15:35:36.980123,rw-kig-001,38.47449394124998,45.58665409931937,38.420212716492586,0.0
2026-05-23 14:35:36.980123,rw-kig-001,46.67943674170091,43.02678023485575,38.55781217008151,0.0
2026-05-23 13:35:36.980123,rw-kig-001,40.623100522565224,59.8287267933963,38.58531069621644,0.0
2026-05-23 12:35:36.980123,rw-kig-001,49.495450226376164,39.268822850506275,38.325729216552354,0.0
2026-05-23 11:35:36.980123,rw-kig-001,52.556312762326286,32.59772633505731,38.61087992942756,0.0
2026-05-23 10:35:36.980123,rw-kig-001,41.48293267922376,42.221578346171036,38.46488217089552,0.0
2026-05-23 09:35:36.980123,rw-kig-001,38.793098654585734,46.80110138705153,38.45310312591706,0.0
2026-05-23 08:35:36.980123,rw-kig-001,40.43583652117969,59.24931579536273,38.566509699331995,0.0
2026-05-23 07:35:36.980123,rw-kig-001,43.795833813826626,47.12020736976151,38.585553972306194,0.0
2026-05-23 06:35:36.980123,rw-kig-001,46.84296018345027,46.648514600722685,38.60055412212709,0.0
2026-05-23 05:35:36.980123,rw-kig-001,40.711973187184256,71.53672141055465,38.51724080140911,0.0
2026-05-23 04:35:36.980123,rw-kig-001,50.33698009463044,25.819567933446827,38.30065453184491,0.0
2026-05-23 03:35:36.980123,rw-kig-001,55.27649521640725,50.00326090351448,38.10542080954854,0.0
2026-05-23 02:35:36.980123,rw-kig-001,53.70606809241101,49.40306369827961,38.365363728267546,0.0
2026-05-23 01:35:36.980123,rw-kig-001,34.93530536335547,52.607966540887986,38.67581525601217,0.0
2026-05-23 00:35:36.980123,rw-kig-001,45.53206538273109,52.31327579631161,38.571521568081984,0.0
2026-05-22 23:35:36.980123,rw-kig-001,49.65469292886928,53.47560973653813,38.849247562354044,0.0
2026-05-22 22:35:36.980123,rw-kig-001,47.11375719280214,50.85254927838257,38.46747094142081,0.0
2026-05-22 21:35:36.980123,rw-kig-001,42.19277910382709,32.83794149007639,38.295483875778736,0.0
2026-05-22 20:35:36.980123,rw-kig-001,43.61220782309868,27.876944268366056,38.40725026716733,0.0
2026-05-22 19:35:36.980123,rw-kig-001,46.06156651287169,63.11053205306821,38.45826533522429,0.0
2026-05-22 18:35:36.980123,rw-kig-001,33.11219645673936,61.385931545777325,38.280678040991624,0.0
2026-05-22 17:35:36.980123,rw-kig-001,41.53058540578461,34.55261588329993,38.41733123219205,0.0
2026-05-22 16:35:36.980123,rw-kig-001,48.115316083971116,42.94898601332507,38.55614272264483,0.0
2026-05-22 15:35:36.980123,rw-kig-001,45.78318172149902,70.59208189143968,37.99301722526219,0.0
2026-05-22 14:35:36.980123,rw-kig-001,55.98854071169714,62.80453949963366,38.382400388780944,0.0
2026-05-22 13:35:36.980123,rw-kig-001,42.722186811107264,48.865315359348365,38.68157389771507,0.0
2026-05-22 12:35:36.980123,rw-kig-001,43.70198267529455,52.7593440275645,37.96730755850912,0.0
2026-05-22 11:35:36.980123,rw-kig-001,45.77683820741562,47.44716971787429,38.31091428312441,0.0
2026-05-22 10:35:36.980123,rw-kig-001,44.15432839630526,42.15566146042987,38.50209190303144,0.0
2026-05-22 09:35:36.980123,rw-kig-001,44.52494239459649,64.91403360851234,38.32657105857011,0.0
2026-05-22 08:35:36.980123,rw-kig-001,45.385389290220715,61.9673141614586,38.61224960645841,0.0
2026-05-22 07:35:36.980123,rw-kig-001,54.96029809024566,41.25457298993904,38.956121259503256,0.0
2026-05-22 06:35:36.981121,rw-kig-001,41.55518534647402,48.27813658633738,38.31606944165989,0.0
2026-05-22 05:35:36.981121,rw-kig-001,46.63925592004227,49.6268089964058,38.36484261741965,0.0
2026-05-22 04:35:36.981121,rw-kig-001,49.16579185940957,45.078958636614125,38.5070388408144,0.0
2026-05-22 03:35:36.981121,rw-kig-001,45.015045814154476,59.13245148349844,38.47379605521923,0.0
2026-05-22 02:35:36.981121,rw-kig-001,40.82983066664811,56.61232183675281,38.56270197719023,0.0
2026-05-22 01:35:36.981121,rw-kig-001,39.76960175547974,59.60815952213515,38.087515455218835,0.0
2026-05-22 00:35:36.981121,rw-kig-001,42.06645988716999,56.058085184060225,38.41417547801509,0.0
2026-05-21 23:35:36.981121,rw-kig-001,50.93010175427324,63.56734428190419,38.576989833636915,0.0
2026-05-21 22:35:36.981121,rw-kig-001,43.333452222153106,64.72640138968376,38.264276520094896,0.0
2026-05-21 21:35:36.981121,rw-kig-001,46.096382595362996,56.59128783190894,38.468622785571604,0.0
2026-05-21 20:35:36.981121,rw-kig-001,41.638653665705526,55.814136961398766,38.74793899627816,0.0
2026-05-21 19:35:36.981121,rw-kig-001,42.859938015714555,37.06875823546267,38.57786930294214,0.0
2026-05-21 18:35:36.981121,rw-kig-001,47.27897512501836,69.10948589408643,38.70998338746522,0.0
2026-05-21 17:35:36.981121,rw-kig-001,34.183221930741524,50.637656100422845,38.69651390196665,0.0
2026-05-21 16:35:36.981121,rw-kig-001,41.64290442646113,42.97329966140106,38.93656732317756,0.0
2026-05-21 15:35:36.981121,rw-kig-001,41.54325775487256,47.955088327825976,38.435929006270904,0.0
2026-05-21 14:35:36.981121,rw-kig-001,40.34077883253298,64.4270118191983,38.5472719104984,0.0
2026-05-21 13:35:36.981121,rw-kig-001,44.360341680300216,42.0593841399672,38.56094200328331,0.0
2026-05-21 12:35:36.981121,rw-kig-001,50.826020076353984,47.811367318785166,38.96685850432803,0.0
2026-05-21 11:35:36.981121,rw-kig-001,46.73584406898566,45.34789828874811,38.55806638294979,0.0
2026-05-21 10:35:36.981121,rw-kig-001,50.526339000229285,48.47095609404932,38.52612110592054,0.0
2026-05-21 09:35:36.981121,rw-kig-001,44.90816027593705,49.88400312189278,38.780764640347726,0.0
2026-05-21 08:35:36.981121,rw-kig-001,44.42003200857198,64.65502386634847,38.45028692818206,0.0
2026-05-21 07:35:36.981121,rw-kig-001,41.96183948433349,45.57135130742107,38.65109046920874,0.0
2026-05-21 06:35:36.981121,rw-kig-001,42.373771512172624,51.68929923940562,38.37836480750286,0.0
2026-05-21 05:35:36.981121,rw-kig-001,43.17062109879892,53.629672179849464,38.32579887513247,0.0
2026-05-21 04:35:36.981121,rw-kig-001,45.696692789250335,50.843680982715505,38.3695579696453,0.0
2026-05-21 03:35:36.981121,rw-kig-001,45.66842266806734,53.4893969169969,38.36544220796357,0.0
2026-05-21 02:35:36.981121,rw-kig-001,51.99465757610075,63.7968618735696,38.38318113535799,0.0
2026-05-21 01:35:36.981121,rw-kig-001,43.81992594601938,43.471900809483664,38.31576003431271,0.0
2026-05-21 00:35:36.981121,rw-kig-001,50.162439989089904,37.21433588566089,38.47632666453609,0.0
2026-05-20 23:35:36.981121,rw-kig-001,38.491479122039124,26.32664584246172,38.67600144183332,0.0
2026-05-20 22:35:36.981121,rw-kig-001,44.70240624105986,55.84018209062197,38.23443799719811,0.0
2026-05-20 21:35:36.981121,rw-kig-001,45.60966452111363,43.29968828507265,38.240774811286535,0.0
2026-05-20 20:35:36.981121,rw-kig-001,54.685694833596145,41.83286973485727,38.29274791732298,0.0
2026-05-20 19:35:36.981121,rw-kig-001,44.70591364162988,58.4965086026487,38.31480531279423,0.0
2026-05-20 18:35:36.981121,rw-kig-001,51.524856232847625,65.62234587939054,38.68491603372097,0.0
2026-05-20 17:35:36.981121,rw-kig-001,48.08043274247302,35.65785491404959,38.54540513007129,0.0
2026-05-20 16:35:36.981121,rw-kig-001,37.47953841884165,54.94432910324337,38.635649614039764,0.0
2026-05-20 15:35:36.981121,rw-kig-001,54.40747868207019,61.20062568697313,38.619622517222325,0.0
2026-05-20 14:35:36.981121,rw-kig-001,41.57490113908607,56.36422409231321,38.671495500732036,0.0
2026-05-20 13:35:36.981121,rw-kig-001,34.28301682809828,46.970507870971964,38.52460613713778,0.0
2026-05-20 12:35:36.981121,rw-kig-001,45.00163024547303,36.18827181464822,38.28004423341106,0.0
2026-05-20 11:35:36.981121,rw-kig-001,50.30725627886206,50.49725751482523,38.72647817592448,0.0
2026-05-20 10:35:36.981121,rw-kig-001,48.54118709035263,44.4211531141778,38.395220980409,0.0
2026-05-20 09:35:36.981121,rw-kig-001,47.460482457354026,62.21575844362983,38.437665892287384,0.0
2026-05-20 08:35:36.981121,rw-kig-001,44.50495806845547,54.35765538126533,38.3075935023698,0.0
2026-05-20 07:35:36.981121,rw-kig-001,45.396850806927944,49.86437815342864,38.479048756830394,0.0
2026-05-20 06:35:36.981121,rw-kig-001,47.135676841952346,50.286025530777934,38.39510300369383,0.0
2026-05-20 05:35:36.981121,rw-kig-001,30.7656178420946,56.451630962605066,38.56838929007962,0.0
2026-05-20 04:35:36.981121,rw-kig-001,51.468416771807014,54.643283799657986,38.63862408888826,0.0
2026-05-20 03:35:36.981121,rw-kig-001,47.765759048279286,49.36143500574952,38.50466762771301,0.0
2026-05-20 02:35:36.981121,rw-kig-001,47.85285848235548,45.72800245050203,38.447006526062694,0.0
2026-05-20 01:35:36.981121,rw-kig-001,40.60640309042802,44.073938567997175,38.53666187436822,0.0
2026-05-20 00:35:36.981121,rw-kig-001,52.984200284733575,45.54266370012071,38.22527899617364,0.0
2026-05-19 23:35:36.981121,rw-kig-001,39.91573056038993,36.8575596880445,38.4584561074456,0.0
2026-05-19 22:35:36.981121,rw-kig-001,35.15151092814842,51.73370987936512,38.548168212949584,0.0
2026-05-19 21:35:36.981121,rw-kig-001,49.04498101307757,42.47592871250538,37.98739609763126,0.0
2026-05-19 20:35:36.981121,rw-kig-001,50.91248978765854,59.56440790265434,38.3436017736614,0.0
2026-05-19 19:35:36.981121,rw-kig-001,45.23558696193544,42.92271795558077,38.44062624685831,0.0
2026-05-19 18:35:36.981121,rw-kig-001,46.191741437882435,56.407865995853435,38.412576744554215,0.0
2026-05-19 17:35:36.981121,rw-kig-001,41.06695417741888,49.91041546042762,38.39282409907922,0.0
2026-05-19 16:35:36.981121,rw-kig-001,37.79777321216267,35.478346630009696,38.805894056846014,0.0
2026-05-19 15:35:36.981121,rw-kig-001,35.5567808303873,58.36607392350611,38.401144025879404,0.0
2026-05-19 14:35:36.981121,rw-kig-001,45.02840310912765,35.4269131359617,38.310610502762124,0.0
2026-05-19 13:35:36.981121,rw-kig-001,42.244461980580176,58.74486927909336,38.580904454597935,0.0
2026-05-19 12:35:36.981121,rw-kig-001,47.114310669198844,62.76680769527347,38.30087212655929,0.0
2026-05-19 11:35:36.981121,rw-kig-001,54.68989206075646,48.565230324049665,38.52982892106337,0.0
2026-05-19 10:35:36.981121,rw-kig-001,46.98550822974807,67.07818917240527,38.60097517768449,0.0
2026-05-19 09:35:36.981121,rw-kig-001,44.954748662008576,42.94206282355007,38.85042539126926,0.0
2026-05-19 08:35:36.981121,rw-kig-001,52.6482511596597,57.11264762932874,38.40856740276262,0.0
2026-05-19 07:35:36.981121,rw-kig-001,46.1074289084434,63.52298532201361,38.25735077933891,0.0
2026-05-19 06:35:36.981121,rw-kig-001,42.7439202437796,38.74281635468718,38.52548842497642,0.0
2026-05-19 05:35:36.981121,rw-kig-001,49.198274579104286,53.348196673499096,38.42290269161851,0.0
2026-05-19 04:35:36.981121,rw-kig-001,39.35891330100428,53.97671459396348,38.622207835929515,0.0
2026-05-19 03:35:36.981121,rw-kig-001,43.605150827837406,51.61041704354275,38.772519968988334,0.0
2026-05-19 02:35:36.981121,rw-kig-001,57.23138281635112,41.83493375825689,38.704230338281825,0.0
2026-05-19 01:35:36.981121,rw-kig-001,42.04024652517541,61.07754304502127,38.93940971980997,0.0
2026-05-19 00:35:36.981121,rw-kig-001,36.04231543336858,39.553996068868535,38.394303571924326,0.0
2026-05-18 23:35:36.981121,rw-kig-001,51.8408967425808,53.85543098417756,38.42598461410815,0.0
2026-05-18 22:35:36.981121,rw-kig-001,47.51012694416367,32.094772834000736,37.85309551253569,0.0
2026-05-18 21:35:36.981121,rw-kig-001,46.305957425508986,56.88810417766536,38.408616202915844,0.0
2026-05-18 20:35:36.981121,rw-kig-001,48.54843284226993,47.02263789820772,38.34649695310503,0.0
2026-05-18 19:35:36.981121,rw-kig-001,38.279241917093564,37.09394631714854,38.50613649100436,0.0
2026-05-18 18:35:36.981121,rw-kig-001,45.594103936097596,68.3950894584359,38.713099967165334,0.0
2026-05-18 17:35:36.981121,rw-kig-001,42.39242952005364,59.09732518356482,38.56451802021485,0.0
2026-05-18 16:35:36.981121,rw-kig-001,46.83817646202647,44.68797890992457,38.979668038299096,0.0
2026-05-18 15:35:36.981121,rw-kig-001,44.55977389616247,51.788031070467525,38.309966297103934,0.0
2026-05-18 14:35:36.981121,rw-kig-001,46.71105857764173,49.00338167583753,38.47773148383987,0.0
2026-05-18 13:35:36.981121,rw-kig-001,40.068366447856874,58.3391046986434,38.50879647518629,0.0
2026-05-18 12:35:36.981121,rw-kig-001,40.139347126914146,62.99725329270116,38.40612734382969,0.0
2026-05-18 11:35:36.981121,rw-kig-001,50.896679815627536,50.304910600900705,38.45810649204116,0.0
2026-05-18 10:35:36.981121,rw-kig-001,45.645249733453845,57.18694048045923,38.50610597848949,0.0
2026-05-18 09:35:36.981121,rw-kig-001,54.847675271831505,68.70292892635958,38.46846158059031,0.0
2026-05-18 08:35:36.981121,rw-kig-001,46.38278459827885,53.507252112394305,38.79493049860069,0.0
2026-05-18 07:35:36.981121,rw-kig-001,44.713561005700036,53.43586777009125,38.365977650029734,0.0
2026-05-18 06:35:36.981121,rw-kig-001,47.7372863262035,35.43257061031046,38.765575741369645,0.0
2026-05-18 05:35:36.981121,rw-kig-001,47.29759349767673,56.598162937999085,38.461788701599126,0.0
2026-05-18 04:35:36.981121,rw-kig-001,55.09139894004758,49.10405964204324,38.71476089007462,0.0
2026-05-18 03:35:36.981121,rw-kig-001,48.41208843801719,51.111061701309765,38.47058895238194,0.0
2026-05-18 02:35:36.981121,rw-kig-001,44.37149804742848,58.20802681774326,38.145651006552875,0.0
2026-05-18 01:35:36.981121,rw-kig-001,41.985831477289594,52.40197472606846,38.529703541681016,0.0
2026-05-18 00:35:36.981121,rw-kig-001,39.325296767516264,36.48506138043536,38.81512771181102,0.0
2026-05-17 23:35:36.981121,rw-kig-001,45.40361724462437,56.60366529104925,38.82815548677814,0.0
2026-05-17 22:35:36.981121,rw-kig-001,48.34756666357094,52.131228304583445,38.38311383635628,0.0
2026-05-17 21:35:36.981121,rw-kig-001,40.5703747019165,33.34934767289959,38.57703561102144,0.0
2026-05-17 20:35:36.981121,rw-kig-001,44.59129386189115,50.491617745085314,38.510866328888426,0.0
2026-05-17 19:35:36.981121,rw-kig-001,51.50719985019224,30.299943369744383,38.859997873074725,0.0
2026-05-17 18:35:36.981121,rw-kig-001,36.7867622629167,45.27022545826274,38.289232908866914,0.0
2026-05-17 17:35:36.981121,rw-kig-001,42.627660396977454,65.93478634838944,38.63923631277326,0.0
2026-05-17 16:35:36.981121,rw-kig-001,52.23076478156416,48.077475680748,38.81801195603319,0.0
2026-05-17 15:35:36.981121,rw-kig-001,50.61020380660448,64.42593770194262,38.52163838975676,0.0
2026-05-17 14:35:36.981121,rw-kig-001,33.81880736941554,53.70906767227243,38.88795447681323,0.0
2026-05-17 13:35:36.981121,rw-kig-001,42.71223201147337,55.85910404012952,38.590152337188634,0.0
2026-05-17 12:35:36.981121,rw-kig-001,46.77223517766049,55.162249065672604,38.67542846171722,0.0
2026-05-17 11:35:36.981121,rw-kig-001,45.5874096400018,46.03912452717554,38.69029958974377,0.0
2026-05-17 10:35:36.981121,rw-kig-001,41.15022693144026,54.81745583719106,38.22342716684247,0.0
2026-05-17 09:35:36.981121,rw-kig-001,46.806823563497765,58.75152721247833,38.308964236124105,0.0
2026-05-17 08:35:36.981121,rw-kig-001,48.30816998351387,47.22349466252628,38.47392509811163,0.0
2026-05-17 07:35:36.981121,rw-kig-001,42.07546198855216,28.00182889326537,38.02496963165194,0.0
2026-05-17 06:35:36.981121,rw-kig-001,44.547354265324145,65.7516534667725,38.27762515949405,0.0
2026-05-17 05:35:36.981121,rw-kig-001,14.576336220476712,8.408098452551158,40.17251844535203,1.0
2026-05-17 04:35:36.981121,rw-kig-001,15.243505055384183,9.551222862409617,40.39384497508386,1.0
2026-05-17 03:35:36.981121,rw-kig-001,20.921041727503315,7.834903339299601,40.68530309613215,1.0
2026-05-17 02:35:36.981121,rw-kig-001,23.94408079816202,22.71370957743487,40.53313709251267,1.0
2026-05-17 01:35:36.981121,rw-kig-001,17.424538750388024,9.323356387479443,40.51417260439246,1.0
2026-05-17 00:35:36.981121,rw-kig-001,23.949839403736007,8.831197871423363,40.53029637285344,1.0
2026-05-16 23:35:36.981121,rw-kig-001,19.317805234580845,5.535451396473668,40.559739416544375,1.0
2026-05-16 22:35:36.981121,rw-kig-001,28.731246339119842,24.040744048658453,40.538531689435175,1.0
2026-05-16 21:35:36.981121,rw-kig-001,9.524886852757561,5.960178326356051,40.371257808202465,1.0
2026-05-16 20:35:36.981121,rw-kig-001,20.99800844514823,6.396085517413276,40.4882727470892,1.0
2026-05-16 19:35:36.981121,rw-kig-001,18.191900924926543,9.976064609701567,40.58004980997344,1.0
2026-05-16 18:35:36.981121,rw-kig-001,20.527316571139785,11.795994544147938,40.37267313260463,1.0
2026-05-16 17:35:36.981121,rw-kig-001,11.65647621150545,7.679443350039449,40.8782165550958,1.0
2026-05-16 16:35:36.981121,rw-kig-001,16.666349225982522,13.911696115842872,40.51499973746868,1.0
2026-05-16 15:35:36.981121,rw-kig-001,14.484733981578152,9.584264953757597,40.4231496672909,1.0
2026-05-16 14:35:36.981121,rw-kig-001,17.536218723585193,-4.392279998235196,40.164298686940775,1.0
2026-05-16 13:35:36.981121,rw-kig-001,31.084947190109375,11.592157356128205,40.6471150987324,1.0
2026-05-16 12:35:36.981121,rw-kig-001,23.753272467015805,7.954004441432836,40.30830303869781,1.0
2026-05-16 11:35:36.981121,rw-kig-001,18.602674026509476,19.038323529235235,40.263718019933684,1.0
2026-05-16 10:35:36.981121,rw-kig-001,25.163480585889268,10.72943817543051,40.17945833901405,1.0
2026-05-16 09:35:36.981121,rw-kig-001,25.3004657068376,4.101334873565214,40.45473596584749,1.0
2026-05-16 08:35:36.981121,rw-kig-001,21.261638372625377,-1.4926592863795634,40.29200863899596,1.0
2026-05-16 07:35:36.981121,rw-kig-001,15.949467640976692,9.816298190877887,40.06092856501072,1.0
2026-05-16 06:35:36.981121,rw-kig-001,20.988409448079622,-16.94273106167609,40.47335003989396,1.0
2026-05-16 05:35:36.981121,rw-kig-001,19.933770849618988,2.477168640706232,40.367276863082814,1.0
2026-05-16 04:35:36.981121,rw-kig-001,24.146248739794054,23.920059412105985,40.542602562241456,1.0
2026-05-16 03:35:36.981121,rw-kig-001,12.122751568871728,11.593640158864837,40.645894027788756,1.0
2026-05-16 02:35:36.981121,rw-kig-001,26.760698275392407,-2.7856849146757767,40.3259565879752,1.0
2026-05-16 01:35:36.981121,rw-kig-001,19.645087566416706,13.487937695214086,40.336841605467974,1.0
2026-05-16 00:35:36.981121,rw-kig-001,14.741315835133655,18.37569124290536,40.761009751080735,1.0
2026-05-15 23:35:36.981121,rw-kig-001,10.562053124448518,28.1585222738762,40.78648658806109,1.0
2026-05-15 22:35:36.981121,rw-kig-001,22.35747436273855,11.010561764589248,40.360473222525194,1.0
2026-05-15 21:35:36.981121,rw-kig-001,27.142481224258972,-3.231407535768369,40.53175014783364,1.0
2026-05-15 20:35:36.981121,rw-kig-001,25.87587971340116,24.229654792383116,40.627742327356614,1.0
2026-05-15 19:35:36.981121,rw-kig-001,21.30687784042353,-3.3507523095613934,40.38973450135764,1.0
2026-05-15 18:35:36.981121,rw-kig-001,23.228431125304553,15.512133885490755,40.4048753700858,1.0
2026-05-15 17:35:36.981121,rw-kig-001,15.280637823855912,12.025020722331824,40.69014534470429,1.0
2026-05-15 16:35:36.981121,rw-kig-001,18.622685931620808,20.163164605558038,40.22217925431584,1.0
2026-05-15 15:35:36.981121,rw-kig-001,12.582682878277808,6.95994475860644,40.351890178441394,1.0
2026-05-15 14:35:36.981121,rw-kig-001,27.258297879704003,15.694861027067866,40.712173036426734,1.0
2026-05-15 13:35:36.981121,rw-kig-001,21.103279153029774,3.7364739678363605,40.420868315202185,1.0
2026-05-15 12:35:36.981121,rw-kig-001,23.847667208206033,16.700297917905488,40.28219277906469,1.0
2026-05-15 11:35:36.981121,rw-kig-001,23.408725886117637,-20.605228767381696,40.6856781003803,1.0
2026-05-15 10:35:36.981121,rw-kig-001,25.38132395290993,18.468184134483394,40.1715342104613,1.0
2026-05-15 09:35:36.981121,rw-kig-001,24.377082025444693,5.423449352595952,40.3944771039428,1.0
2026-05-15 08:35:36.981121,rw-kig-001,21.24013703008113,10.59648441795786,40.20646670473258,1.0
2026-05-15 07:35:36.981121,rw-kig-001,17.97864940782793,7.931993519993064,40.77841107765832,1.0
2026-05-15 06:35:36.981121,rw-kig-001,23.14806816263964,15.156401214705333,40.73565163321755,1.0
2026-05-15 05:35:36.981121,rw-kig-001,15.669258110693484,3.110056251114223,40.333573934659086,1.0
2026-05-15 04:35:36.981121,rw-kig-001,13.491422966306942,18.678852451922907,40.75214564981407,1.0
2026-05-15 03:35:36.981121,rw-kig-001,21.495593972538217,9.139184325105354,40.6879118612438,1.0
2026-05-15 02:35:36.981121,rw-kig-001,20.7211502138935,1.376721049959528,40.77368397925827,1.0
2026-05-15 01:35:36.981121,rw-kig-001,18.579717404138172,8.224988168008935,40.41778807739865,1.0
2026-05-15 00:35:36.981121,rw-kig-001,16.64524671635089,-0.8350657555702057,40.772521465939796,1.0
2026-05-14 23:35:36.981121,rw-kig-001,23.057282042275048,2.2344139126757483,40.49967760433248,1.0
2026-05-14 22:35:36.981121,rw-kig-001,21.192298713857923,8.840944799102623,40.97785475489881,1.0
2026-05-14 21:35:36.981121,rw-kig-001,14.31754399071599,0.9744452604814242,40.72855420084779,1.0
2026-05-14 20:35:36.981121,rw-kig-001,19.329958386152427,14.621412682936324,40.6922976116327,1.0
2026-05-14 19:35:36.981121,rw-kig-001,27.037482572148804,18.334359404597834,40.54303074965559,1.0
2026-05-14 18:35:36.981121,rw-kig-001,22.25852197392704,27.293821429157262,40.23184877319912,1.0
2026-05-14 17:35:36.981121,rw-kig-001,22.479362372231684,16.137200442024138,40.673524469328584,1.0
2026-05-14 16:35:36.981121,rw-kig-001,20.332231373601672,12.050785702758368,40.49342668770056,1.0
2026-05-14 15:35:36.981121,rw-kig-001,24.541059083066934,27.616467233979918,40.718689744593554,1.0
2026-05-14 14:35:36.981121,rw-kig-001,25.823934074451827,6.056688429268533,40.233367393515195,1.0
2026-05-14 13:35:36.981121,rw-kig-001,14.480638492364925,10.84340480261416,40.45422336543069,1.0
2026-05-14 12:35:36.981121,rw-kig-001,19.560877996009097,15.99233010060641,40.45056086793321,1.0
2026-05-14 11:35:36.981121,rw-kig-001,13.248293438673834,20.413765920576203,40.90873304383291,1.0
2026-05-14 10:35:36.981121,rw-kig-001,20.887204340184546,13.748776618607707,40.581839396246025,1.0
2026-05-14 09:35:36.981121,rw-kig-001,14.813393281238163,10.071247378448462,40.416718435204494,1.0
2026-05-14 08:35:36.981121,rw-kig-001,19.66196615424421,6.708969192537765,40.50152990768831,1.0
2026-05-14 07:35:36.981121,rw-kig-001,19.20387951909619,8.227577881134472,40.48991304847901,1.0
2026-05-14 06:35:36.981121,rw-kig-001,20.885019393357815,1.1977139917869692,40.51737217211576,1.0
2026-05-14 05:35:36.981121,rw-kig-001,16.331049556186777,7.25403660913571,40.13073504913163,1.0
2026-05-14 04:35:36.981121,rw-kig-001,15.140819371674198,11.639851282957743,40.93352523330786,1.0
2026-05-14 03:35:36.981121,rw-kig-001,26.682360922768325,10.896326331083309,40.34641958362999,1.0
2026-05-14 02:35:36.981121,rw-kig-001,25.816440365013726,18.67809654530592,40.751561124882016,1.0
2026-05-14 01:35:36.981121,rw-kig-001,12.9369604132009,12.640722386119961,40.46940090949566,1.0
2026-05-14 00:35:36.981121,rw-kig-001,32.9949979552264,10.547149601340855,40.195966245157535,1.0
2026-05-13 23:35:36.981121,rw-kig-001,19.123685142054,-4.935464340957367,40.2990341446488,1.0
2026-05-13 22:35:36.981121,rw-kig-001,25.139289474411818,-1.7414211353889044,40.3992875130896,1.0
2026-05-13 21:35:36.981121,rw-kig-001,24.87795636649254,-9.762496857198972,40.183115153395924,1.0
2026-05-13 20:35:36.981121,rw-kig-001,17.391785491195463,-0.5394244026952322,40.59517903219704,1.0
2026-05-13 19:35:36.981121,rw-kig-001,23.587217266969475,-3.2283220914800594,40.52319058303208,1.0
2026-05-13 18:35:36.981121,rw-kig-001,13.799315730365265,14.66124837776605,40.56865893555142,1.0
2026-05-13 17:35:36.981121,rw-kig-001,20.606705876751043,11.363660369023336,40.47374225537159,1.0
2026-05-13 16:35:36.981121,rw-kig-001,22.7179237833425,6.373956011030742,40.25058919006485,1.0
2026-05-13 15:35:36.981121,rw-kig-001,15.231337763676464,20.30806005606616,40.46375633422318,1.0
2026-05-13 14:35:36.981121,rw-kig-001,24.962323632444708,5.536812815841955,40.66172479417789,1.0
2026-05-13 13:35:36.981121,rw-kig-001,22.00553122800494,-1.2888921473413077,40.60323429101376,1.0
2026-05-13 12:35:36.981121,rw-kig-001,21.710197406947003,0.5485474820252136,40.42876804648905,1.0
2026-05-13 11:35:36.981121,rw-kig-001,21.216528802470776,13.336203277249858,40.65661769754134,1.0
2026-05-13 10:35:36.981121,rw-kig-001,19.810913343317708,6.727173398492717,40.476856651504086,1.0
2026-05-13 09:35:36.981121,rw-kig-001,18.52128688614099,0.3409499770448292,40.41732642833923,1.0
2026-05-13 08:35:36.981121,rw-kig-001,25.053506968969607,7.497773483846956,40.581383880604456,1.0
2026-05-13 07:35:36.981121,rw-kig-001,17.53183510369888,18.237992898449697,40.49313411389716,1.0
2026-05-13 06:35:36.981121,rw-kig-001,19.80632913598818,7.001510862700584,40.06943403845152,1.0
2026-05-13 05:35:36.981121,rw-kig-001,14.044831368607433,17.401518798072537,40.315178797731384,1.0
2026-05-13 04:35:36.981121,rw-kig-001,24.76428104083059,4.376959571635737,40.42183270244384,1.0
2026-05-13 03:35:36.981121,rw-kig-001,15.850970565450481,7.683843468623735,40.770059068610614,1.0
2026-05-13 02:35:36.981121,rw-kig-001,9.388304816727242,7.272635843472763,40.60358678721051,1.0
2026-05-13 01:35:36.981121,rw-kig-001,44.02257476530938,37.780027864777146,38.26111444252891,0.0
2026-05-13 00:35:36.981121,rw-kig-001,38.170684314980676,38.47469596996789,38.417500542526355,0.0
2026-05-12 23:35:36.981121,rw-kig-001,42.79452422624217,60.35766415312172,38.635922516467616,0.0
2026-05-12 22:35:36.981121,rw-kig-001,44.967295705699314,45.29461057154593,38.469465630368454,0.0
2026-05-12 21:35:36.981121,rw-kig-001,42.02116337473728,52.47632275271249,38.928811304470926,0.0
2026-05-12 20:35:36.981121,rw-kig-001,48.83744027981911,52.841059786717004,38.58974848786149,0.0
2026-05-12 19:35:36.981121,rw-kig-001,38.565163930293394,42.10487152037037,38.41540411847466,0.0
2026-05-12 18:35:36.981121,rw-kig-001,49.43918459366011,31.88661890512926,38.69571843840979,0.0
2026-05-12 17:35:36.981121,rw-kig-001,44.9511743137963,62.606996466392005,38.57116090051509,0.0
2026-05-12 16:35:36.981121,rw-kig-001,50.217087271657704,50.106078913123476,38.30501604791341,0.0
2026-05-12 15:35:36.981121,rw-kig-001,41.504745050736965,78.73433959970448,38.53451762663192,0.0
2026-05-12 14:35:36.981121,rw-kig-001,44.111776491967625,41.327143432729095,38.13634720054422,0.0
2026-05-12 13:35:36.981121,rw-kig-001,41.156952749252895,40.98052389974777,38.604591493873876,0.0
2026-05-12 12:35:36.981121,rw-kig-001,40.58638535001221,46.63139799133156,38.4917556076769,0.0
2026-05-12 11:35:36.981121,rw-kig-001,41.08095222459164,47.02118771692366,38.504944333618845,0.0
2026-05-12 10:35:36.981121,rw-kig-001,45.29897593128452,56.02950363971077,38.543007428770714,0.0
2026-05-12 09:35:36.981121,rw-kig-001,33.218357227622676,51.65729079318431,38.58269849838014,0.0
2026-05-12 08:35:36.981121,rw-kig-001,47.44936691979639,45.27967687314248,38.454902619665944,0.0
2026-05-12 07:35:36.981121,rw-kig-001,48.45897831280679,60.97740322922893,38.351635236647404,0.0
2026-05-12 06:35:36.981121,rw-kig-001,38.03707098808103,55.15402050212148,38.45930104205014,0.0
2026-05-12 05:35:36.981121,rw-kig-001,44.18491852349515,66.54818328981122,38.34407310539228,0.0
2026-05-12 04:35:36.981121,rw-kig-001,41.672119664979945,43.07638552484839,38.43899080801893,0.0
2026-05-12 03:35:36.981121,rw-kig-001,35.2646249950578,64.6675752049212,38.21093634254746,0.0
2026-05-12 02:35:36.981121,rw-kig-001,50.477326774122915,52.61512344163458,38.570699436534035,0.0
2026-05-12 01:35:36.981121,rw-kig-001,42.79014315070821,45.38525374785934,38.39254777636161,0.0
2026-05-12 00:35:36.981121,rw-kig-001,46.19852906123319,28.593511513277807,38.669285925031105,0.0
2026-05-11 23:35:36.981121,rw-kig-001,44.11606078621304,35.53497469016289,38.63026255572371,0.0
2026-05-11 22:35:36.981121,rw-kig-001,41.339887998226246,66.26780323848345,38.765037498422245,0.0
2026-05-11 21:35:36.981121,rw-kig-001,42.33066734921315,46.82328404698097,38.62826691172205,0.0
2026-05-11 20:35:36.981121,rw-kig-001,46.00919291683785,58.287307271575635,38.68535536773935,0.0
2026-05-11 19:35:36.981121,rw-kig-001,43.18284264988325,70.4995669602517,38.50730658493016,0.0
2026-05-11 18:35:36.981121,rw-kig-001,45.82468488742312,43.16405868818346,38.36431114428608,0.0
2026-05-11 17:35:36.981121,rw-kig-001,51.467214984157785,58.13866146075978,38.5106337203742,0.0
2026-05-11 16:35:36.981121,rw-kig-001,39.599719740820575,38.981066082073056,38.75176576785132,0.0
2026-05-11 15:35:36.981121,rw-kig-001,45.12382906102592,64.87247132689932,38.803092531749364,0.0
2026-05-11 14:35:36.981121,rw-kig-001,43.436599902597635,42.13924691144303,38.74562347099298,0.0
2026-05-11 13:35:36.981121,rw-kig-001,46.48954836164464,62.33441373249615,38.57476256037291,0.0
2026-05-11 12:35:36.981121,rw-kig-001,52.514050379522814,39.94296432051854,38.449152752698886,0.0
2026-05-11 11:35:36.981121,rw-kig-001,46.16933728488236,55.58703864166396,38.382752496297044,0.0
2026-05-11 10:35:36.981121,rw-kig-001,48.84370977838745,67.8857281217888,38.619170056573985,0.0
2026-05-11 09:35:36.981121,rw-kig-001,39.09009892848121,46.92626235376231,38.58349633670623,0.0
2026-05-11 08:35:36.981121,rw-kig-001,43.93955649862996,40.529209399063554,38.51855104068524,0.0
2026-05-11 07:35:36.981121,rw-kig-001,52.93485945859806,30.250378958722038,38.63149069647571,0.0
2026-05-11 06:35:36.981121,rw-kig-001,41.52088058309856,62.25137562937998,38.560712002392144,0.0
2026-05-11 05:35:36.981121,rw-kig-001,43.47206215839448,64.24232819966635,38.21582199017018,0.0
2026-05-11 04:35:36.981121,rw-kig-001,50.558743867170804,53.4232674782004,38.57924981555024,0.0
2026-05-11 03:35:36.981121,rw-kig-001,45.61660367888904,46.07304929356983,38.53850995337496,0.0
2026-05-11 02:35:36.981121,rw-kig-001,48.87530344909441,40.86650711413918,38.40732897680999,0.0
2026-05-11 01:35:36.981121,rw-kig-001,47.26767367603826,28.25341648377175,38.95608155919637,0.0
2026-05-11 00:35:36.981121,rw-kig-001,43.00867166314671,47.21316491861367,38.681410771249986,0.0
2026-05-10 23:35:36.981121,rw-kig-001,40.84102759554304,58.32883773790969,38.466772367963586,0.0
2026-05-10 22:35:36.981121,rw-kig-001,44.81613584926756,46.78844444962832,38.61235895341898,0.0
2026-05-10 21:35:36.981121,rw-kig-001,60.12759364564849,53.971254368018265,38.39488015756267,0.0
2026-05-10 20:35:36.981121,rw-kig-001,45.91438587628546,43.49801278077367,38.73835720114205,0.0
2026-05-10 19:35:36.981121,rw-kig-001,47.66706626245259,44.180336645894705,38.45937757374998,0.0
2026-05-10 18:35:36.981121,rw-kig-001,42.76087570157325,70.98361267213177,38.298742736726126,0.0
2026-05-10 17:35:36.981121,rw-kig-001,50.87795133707586,43.46777113663518,38.42620672016174,0.0
2026-05-10 16:35:36.981121,rw-kig-001,56.798442924134626,55.70251460824838,38.56676080584892,0.0
2026-05-10 15:35:36.981121,rw-kig-001,41.58216141211388,77.27823813647967,38.63613613619051,0.0
2026-05-10 14:35:36.981121,rw-kig-001,43.662278930157335,58.94937351804471,38.7151918948406,0.0
2026-05-10 13:35:36.981121,rw-kig-001,41.2283568369086,48.152601550702784,38.74490569655949,0.0
2026-05-10 12:35:36.981121,rw-kig-001,39.05499185719142,54.06866764477534,38.165935215497846,0.0
2026-05-10 11:35:36.981121,rw-kig-001,53.2565400278601,47.980451384457744,38.45641283087238,0.0
2026-05-10 10:35:36.981121,rw-kig-001,53.2786542288231,52.52244494932662,38.65904324087108,0.0
2026-05-10 09:35:36.981121,rw-kig-001,50.37697067042813,47.41790261631061,38.52757925355922,0.0
2026-05-10 08:35:36.981121,rw-kig-001,38.72342058666568,45.32049752671581,38.49879459320101,0.0
2026-05-10 07:35:36.981121,rw-kig-001,36.00754908483779,51.62620538198468,38.168544885993036,0.0
2026-05-10 06:35:36.981121,rw-kig-001,42.44147932883585,65.51539473024809,38.63429256594823,0.0
2026-05-10 05:35:36.981121,rw-kig-001,46.17888193105725,48.76621785078427,38.34361104693436,0.0
2026-05-10 04:35:36.981121,rw-kig-001,58.781863158664635,52.92879320651302,38.67641743613878,0.0
2026-05-10 03:35:36.981121,rw-kig-001,38.668234321597694,45.40829823007216,38.67485660614986,0.0
2026-05-10 02:35:36.981121,rw-kig-001,45.17219455648444,29.76118843331153,38.48679061463726,0.0
2026-05-10 01:35:36.981121,rw-kig-001,48.0280630350622,58.760312686690845,38.49448921079187,0.0
2026-05-10 00:35:36.981121,rw-kig-001,38.288736204384826,51.94575359144414,38.27540118959954,0.0
2026-05-09 23:35:36.981121,rw-kig-001,46.2969254966686,36.755003211917696,38.85001251039635,0.0
2026-05-09 22:35:36.981121,rw-kig-001,45.17619999294,49.652916004764755,38.852247637810585,0.0
2026-05-09 21:35:36.981121,rw-kig-001,46.69376394518197,40.67986578180639,38.601213398618235,0.0
2026-05-09 20:35:36.981121,rw-kig-001,46.87047975286809,31.702884543255724,38.18991828280727,0.0
2026-05-09 19:35:36.981121,rw-kig-001,45.97024003778652,49.099200166447396,38.40976396874884,0.0
2026-05-09 18:35:36.981121,rw-kig-001,46.77249647599895,48.82307267449344,38.72642426706256,0.0
2026-05-09 17:35:36.981121,rw-kig-001,50.46760775664753,43.81472092546336,38.154401984672376,0.0
2026-05-09 16:35:36.981121,rw-kig-001,51.85090341086182,44.64405759239017,38.47953534692761,0.0
2026-05-09 15:35:36.981121,rw-kig-001,50.944536583349596,64.10059674920375,38.72223691892277,0.0
2026-05-09 14:35:36.981121,rw-kig-001,45.88502117277245,31.184004267363633,38.302920113613766,0.0
2026-05-09 13:35:36.981121,rw-kig-001,37.76207785349233,55.8451524877282,38.4360032908477,0.0
2026-05-09 12:35:36.981121,rw-kig-001,37.43364473311702,44.19086437203029,38.30641426920532,0.0
2026-05-09 11:35:36.981121,rw-kig-001,51.98354689632408,33.878208400870456,38.34344291247014,0.0
2026-05-09 10:35:36.981121,rw-kig-001,55.29160429216148,28.038695939675435,38.211007643175684,0.0
2026-05-09 09:35:36.981121,rw-kig-001,43.662955980616786,42.62994580244443,38.70440441608873,0.0
2026-05-09 08:35:36.981121,rw-kig-001,44.964303607991965,68.14591211517107,38.30042432024788,0.0
2026-05-09 07:35:36.981121,rw-kig-001,49.07699988488505,50.056109567214094,38.45538265033669,0.0
2026-05-09 06:35:36.981121,rw-kig-001,42.6846248153491,42.92086519772917,38.37518548106758,0.0
2026-05-09 05:35:36.981121,rw-kig-001,51.741366281383854,47.45858572221144,38.8387963536446,0.0
2026-05-09 04:35:36.981121,rw-kig-001,43.685934165380765,54.75252756200622,38.31825724476801,0.0
2026-05-09 03:35:36.981121,rw-kig-001,45.952774923479254,44.67325363985112,38.478669415736036,0.0
2026-05-09 02:35:36.981121,rw-kig-001,45.35835569898347,55.60943841926862,38.29129779999328,0.0
2026-05-09 01:35:36.981121,rw-kig-001,49.47150728445364,38.08691470371892,38.73938060894222,0.0
2026-05-09 00:35:36.981121,rw-kig-001,45.91899114130314,53.1021948416841,38.42377893231761,0.0
2026-05-08 23:35:36.981121,rw-kig-001,47.614742896147874,44.1133491645192,38.50461134733869,0.0
2026-05-08 22:35:36.981121,rw-kig-001,47.92182818930346,44.567382397993974,38.70025606466839,0.0
2026-05-08 21:35:36.981121,rw-kig-001,38.77192700670625,2.4624345389680613,38.69968766981885,3.0
2026-05-08 20:35:36.981121,rw-kig-001,43.917854736239114,14.280525327694718,38.407953324605046,3.0
2026-05-08 19:35:36.981121,rw-kig-001,49.92758424788005,-2.5080583768396636,38.791790650152336,3.0
2026-05-08 18:35:36.981121,rw-kig-001,52.3698606818049,7.8172803591441635,38.58293624147957,3.0
2026-05-08 17:35:36.981121,rw-kig-001,43.12421505189168,-11.24157300195047,38.33651122455359,3.0
2026-05-08 16:35:36.981121,rw-kig-001,54.9978990316249,-6.671088634708916,38.250771615357,3.0
2026-05-08 15:35:36.981121,rw-kig-001,52.402031534388996,0.10769918251340727,38.13815891917807,3.0
2026-05-08 14:35:36.981121,rw-kig-001,54.01059255539263,-7.583656743031327,38.468853635541194,3.0
2026-05-08 13:35:36.981121,rw-kig-001,36.38318978003465,-5.350024312761093,38.93918219368,3.0
2026-05-08 12:35:36.981121,rw-kig-001,43.41324754789886,4.442286965500095,38.375458419479955,3.0
2026-05-08 11:35:36.981121,rw-kig-001,41.827625282494694,8.534142821001936,38.495310430656616,3.0
2026-05-08 10:35:36.981121,rw-kig-001,48.82593794747521,-11.85076302901956,38.08297112186461,3.0
2026-05-08 09:35:36.981121,rw-kig-001,51.75869248580982,-5.020083934525601,38.22984743160525,3.0
2026-05-08 08:35:36.981121,rw-kig-001,40.023241720042506,-15.231517598398234,38.21832593659005,3.0
2026-05-08 07:35:36.981121,rw-kig-001,45.04254780022683,2.869294885264061,38.16292162891234,3.0
2026-05-08 06:35:36.981121,rw-kig-001,45.608159828846404,9.937143502980291,38.55819357364054,3.0
2026-05-08 05:35:36.981121,rw-kig-001,53.56973644454901,6.233359943182592,38.711150359601966,3.0
2026-05-08 04:35:36.981121,rw-kig-001,47.217257175122555,11.86049689589786,38.41244906777838,3.0
2026-05-08 03:35:36.981121,rw-kig-001,42.98078766329809,-8.22729604618766,38.47720349219934,3.0
2026-05-08 02:35:36.981121,rw-kig-001,50.008711230262264,28.798224692107638,38.67667885385462,3.0
2026-05-08 01:35:36.981121,rw-kig-001,36.80924674876074,3.6586020053498416,38.741038063729235,3.0
2026-05-08 00:35:36.981121,rw-kig-001,43.592564824287706,32.2423561368843,38.11954200832608,3.0
2026-05-07 23:35:36.981121,rw-kig-001,47.92010904346115,-0.4509903103412327,38.601106300425705,3.0
2026-05-07 22:35:36.981121,rw-kig-001,42.33559342108143,1.7742088052795992,38.64603196641456,3.0
2026-05-07 21:35:36.981121,rw-kig-001,44.24394559263543,1.0737960679814122,38.211601477673355,3.0
2026-05-07 20:35:36.981121,rw-kig-001,39.86118281532243,-24.89908613670203,38.67720194515216,3.0
2026-05-07 19:35:36.981121,rw-kig-001,46.96156671621911,-10.835882962645954,38.234014723728976,3.0
2026-05-07 18:35:36.981121,rw-kig-001,39.993106589920565,1.2612439587315976,38.49833876851481,3.0
2026-05-07 17:35:36.981121,rw-kig-001,50.63785617220258,-9.635505785159324,38.77699659817571,3.0
2026-05-07 16:35:36.981121,rw-kig-001,45.53103240281817,20.419128881401022,38.75821226456532,3.0
2026-05-07 15:35:36.981121,rw-kig-001,45.20536555462103,-12.046823503124969,38.700251092090504,3.0
2026-05-07 14:35:36.981121,rw-kig-001,39.202963463727706,-6.145873715192245,38.390612581691535,3.0
2026-05-07 13:35:36.981121,rw-kig-001,51.163205998234346,14.585986351817695,38.350993116446396,3.0
2026-05-07 12:35:36.981121,rw-kig-001,44.588681196875534,-8.948399899395156,38.460466285159924,3.0
2026-05-07 11:35:36.981121,rw-kig-001,40.40802979073164,-10.023498810997083,38.29657344018253,3.0
2026-05-07 10:35:36.981121,rw-kig-001,39.41348535273706,-6.405875944272125,38.52393842489624,3.0
2026-05-07 09:35:36.981121,rw-kig-001,47.734176166774546,8.60151543808314,38.60148519346846,3.0
2026-05-07 08:35:36.981121,rw-kig-001,48.04984271019944,-13.987093201291955,38.70407297961715,3.0
2026-05-07 07:35:36.981121,rw-kig-001,39.66777882593493,-3.8665531564284734,38.79837817440814,3.0
2026-05-07 06:35:36.981121,rw-kig-001,42.22970543110489,7.805020027114921,38.35673234414275,3.0
2026-05-07 05:35:36.981121,rw-kig-001,46.810135047383255,-8.860250108781749,38.33144367560656,3.0
2026-05-07 04:35:36.981121,rw-kig-001,38.60910003998261,15.472658082668772,38.62824952137066,3.0
2026-05-07 03:35:36.981121,rw-kig-001,48.51732187001614,-1.2796903398903083,38.5244471901225,3.0
2026-05-07 02:35:36.981121,rw-kig-001,43.8795966719877,-7.329470517413128,38.46908452794288,3.0
2026-05-07 01:35:36.981121,rw-kig-001,51.04969471659345,-7.4417392116597725,38.620672359151634,3.0
2026-05-07 00:35:36.981121,rw-kig-001,44.80811621677721,-2.3602967102834285,38.56923440590607,3.0
2026-05-06 23:35:36.981121,rw-kig-001,49.29410841672425,8.043094248526828,38.548385231244694,3.0
2026-05-06 22:35:36.981121,rw-kig-001,47.96124698254237,1.8686007149203334,38.318179310048365,3.0
2026-05-06 21:35:36.981121,rw-kig-001,41.007435930339625,-2.626296503902303,38.66788796426477,3.0
2026-05-06 20:35:36.981121,rw-kig-001,44.26873757832754,-8.141038525826517,38.28736040563559,3.0
2026-05-06 19:35:36.981121,rw-kig-001,52.686093514686554,-1.862555514196906,38.37881388384728,3.0
2026-05-06 18:35:36.981121,rw-kig-001,40.221472736423664,7.774478688998649,38.37999556897085,3.0
2026-05-06 17:35:36.981121,rw-kig-001,45.556669439209806,10.618687290887081,38.34741861679792,3.0
2026-05-06 16:35:36.981121,rw-kig-001,39.23168442022148,7.280966069772646,38.667504484694405,3.0
2026-05-06 15:35:36.981121,rw-kig-001,44.49421154711861,5.035156509211696,38.84201007465656,3.0
2026-05-06 14:35:36.981121,rw-kig-001,41.44193634365917,-32.44107924529437,38.1322524201288,3.0
2026-05-06 13:35:36.981121,rw-kig-001,41.26312128796693,3.6034235408819058,38.56024157948497,3.0
2026-05-06 12:35:36.981121,rw-kig-001,45.22039260298452,-4.320392698761175,38.40900770841952,3.0
2026-05-06 11:35:36.981121,rw-kig-001,52.12665762651515,15.990501581860741,38.31749823625067,3.0
2026-05-06 10:35:36.981121,rw-kig-001,48.81019988352159,-10.854490933701221,38.47932668105446,3.0
2026-05-06 09:35:36.981121,rw-kig-001,37.291129519882965,-1.3797538294010039,38.55436481887174,3.0
2026-05-06 08:35:36.981121,rw-kig-001,51.363969764233936,5.941827211871164,38.449628268012006,3.0
2026-05-06 07:35:36.981121,rw-kig-001,40.04143552238604,3.513217575487161,38.67966433736541,3.0
2026-05-06 06:35:36.981121,rw-kig-001,49.7651264947356,-1.4075147164852666,38.55257980673187,3.0
2026-05-06 05:35:36.981121,rw-kig-001,49.78941882222189,11.376109176626215,38.84373743396832,3.0
2026-05-06 04:35:36.981121,rw-kig-001,40.57765591644337,9.104378870164481,38.85961657581905,3.0
2026-05-06 03:35:36.981121,rw-kig-001,51.07267133086199,-8.07728952936229,38.3294160813774,3.0
2026-05-06 02:35:36.981121,rw-kig-001,39.159815921632514,-7.074676609235709,38.78040518271911,3.0
2026-05-06 01:35:36.981121,rw-kig-001,39.6923134167857,6.346240707889166,38.81999568269167,3.0
2026-05-06 00:35:36.981121,rw-kig-001,47.13074038162054,-4.587989198694025,38.83007327982343,3.0
2026-05-05 23:35:36.981121,rw-kig-001,47.13579583134925,5.38914787086884,38.60940764016066,3.0
2026-05-05 22:35:36.981121,rw-kig-001,48.33236841970242,-10.567371605776046,38.74210047185036,3.0
2026-05-05 21:35:36.981121,rw-kig-001,43.316172484807616,-13.581902863023274,38.37025815175221,3.0
2026-05-05 20:35:36.981121,rw-kig-001,48.437074858307,-15.82336456815976,38.59041240897375,3.0
2026-05-05 19:35:36.981121,rw-kig-001,46.8856826993088,6.82438837800931,38.644226515497174,3.0
2026-05-05 18:35:36.981121,rw-kig-001,40.15955407777974,7.305715328936877,38.528184851074215,3.0
2026-05-05 17:35:36.981121,rw-kig-001,49.179698207983435,9.188236347650395,38.232633857615184,3.0
2026-05-05 16:35:36.981121,rw-kig-001,50.58116880412639,-7.109365503023554,38.63403534441923,3.0
2026-05-05 15:35:36.981121,rw-kig-001,43.796184714134256,-13.865742074267516,38.52424951540759,3.0
2026-05-05 14:35:36.982124,rw-kig-001,53.51801689727038,-3.9589238655411805,38.5209815066836,3.0
2026-05-05 13:35:36.982124,rw-kig-001,42.67520605869462,2.309827519130252,38.464625674048335,3.0
2026-05-05 12:35:36.982124,rw-kig-001,47.17787136004138,16.298827841307556,38.51467686715591,3.0
2026-05-05 11:35:36.982124,rw-kig-001,42.81412513674466,-13.676120223239764,38.52806993761338,3.0
2026-05-05 10:35:36.982124,rw-kig-001,37.51284707892624,8.73438383685226,38.59740489841316,3.0
2026-05-05 09:35:36.982124,rw-kig-001,56.637377168761375,-8.354200085539503,38.38357836249427,3.0
2026-05-05 08:35:36.982124,rw-kig-001,39.61605341897439,-1.971412586720696,38.4461543541288,3.0
2026-05-05 07:35:36.982124,rw-kig-001,37.30632498412717,-3.550349166036135,38.49732035411063,3.0
2026-05-05 06:35:36.982124,rw-kig-001,44.57018066344853,8.621999485859838,38.506386180694314,3.0
2026-05-05 05:35:36.982124,rw-kig-001,42.99903105379599,2.364248521546841,38.23120885640276,3.0
2026-05-05 04:35:36.982124,rw-kig-001,43.772487092036656,-0.27687659127252573,38.80618465139981,3.0
2026-05-05 03:35:36.982124,rw-kig-001,34.92163283298012,-3.3578484972587646,38.281603801137415,3.0
2026-05-05 02:35:36.982124,rw-kig-001,48.657683945011236,-5.77461792910853,38.46361279721012,3.0
2026-05-05 01:35:36.982124,rw-kig-001,53.72620137078144,21.302666840013615,38.063389305152434,3.0
2026-05-05 00:35:36.982124,rw-kig-001,41.48491773406322,10.816569196665036,38.36957482905089,3.0
2026-05-04 23:35:36.982124,rw-kig-001,42.84567123461169,1.493553100301824,38.80599877235702,3.0
2026-05-04 22:35:36.982124,rw-kig-001,47.46041783250806,3.3160691014741914,38.47362771106551,3.0
2026-05-04 21:35:36.982124,rw-kig-001,30.62692319998761,-19.098199903953244,38.64035881670458,3.0
2026-05-04 20:35:36.982124,rw-kig-001,46.32441276987937,9.797645160861919,38.76915586734007,3.0
2026-05-04 19:35:36.982124,rw-kig-001,50.61340243457122,-3.9973206074925187,38.203588164812615,3.0
2026-05-04 18:35:36.982124,rw-kig-001,45.026865458439346,-14.053742894413958,38.64296603049504,3.0
2026-05-04 17:35:36.982124,rw-kig-001,46.273920324583074,49.042315466167096,38.70691518865247,0.0
2026-05-04 16:35:36.982124,rw-kig-001,45.85845863786689,42.807119022959704,38.39372468105044,0.0
2026-05-04 15:35:36.982124,rw-kig-001,41.94083395989928,68.91308770179162,38.765869705040636,0.0
2026-05-04 14:35:36.982124,rw-kig-001,45.69303304592769,50.85322858866813,38.46805818826911,0.0
2026-05-04 13:35:36.982124,rw-kig-001,47.93298245609807,42.410414975438414,38.892877892057584,0.0
2026-05-04 12:35:36.982124,rw-kig-001,47.92142467198488,56.01438983139117,38.485952090393006,0.0
2026-05-04 11:35:36.982124,rw-kig-001,45.457087208683184,41.827407970844256,38.46287911477611,0.0
2026-05-04 10:35:36.982124,rw-kig-001,48.247306542557205,52.91574005856127,38.86543713141274,0.0
2026-05-04 09:35:36.982124,rw-kig-001,35.99894732979949,59.95505672856257,38.61065554831079,0.0
2026-05-04 08:35:36.982124,rw-kig-001,48.429219586303695,52.08066050904833,38.6493563982243,0.0
2026-05-04 07:35:36.982124,rw-kig-001,49.77006398343588,46.07942963199608,38.39404072302797,0.0
2026-05-04 06:35:36.982124,rw-kig-001,44.2062172253239,45.18401835069773,38.60991593308859,0.0
2026-05-04 05:35:36.982124,rw-kig-001,39.98307714663644,41.38394101911736,38.65308815924515,0.0
2026-05-04 04:35:36.982124,rw-kig-001,39.25936021221075,55.291733788043096,38.55126991312209,0.0
2026-05-04 03:35:36.982124,rw-kig-001,56.71769759268018,27.128643218485585,38.63536889141134,0.0
2026-05-04 02:35:36.982124,rw-kig-001,50.256708800777716,56.69946707612387,38.1916279450512,0.0
2026-05-04 01:35:36.982124,rw-kig-001,41.48631546411191,60.34843041248729,38.46509990015549,0.0
2026-05-04 00:35:36.982124,rw-kig-001,45.62632287769955,50.79274385456646,38.95726351247019,0.0
2026-05-03 23:35:36.982124,rw-kig-001,39.75189067697962,51.46120858904806,38.049072167275085,0.0
2026-05-03 22:35:36.982124,rw-kig-001,44.41595043300031,45.78530932778727,38.04232343063007,0.0
2026-05-03 21:35:36.982124,rw-kig-001,40.787882490914676,58.40957228065819,38.566494787671665,0.0
2026-05-03 20:35:36.982124,rw-kig-001,39.194202175135324,77.89929037772993,38.255404266357914,0.0
2026-05-03 19:35:36.982124,rw-kig-001,41.12151132268539,52.553567352230154,38.40614205219894,0.0
2026-05-03 18:35:36.982124,rw-kig-001,52.62176194530563,49.55237390891212,38.29535341315094,0.0
2026-05-03 17:35:36.982124,rw-kig-001,47.39065732781054,51.73857266656744,38.50880071089004,0.0
2026-05-03 16:35:36.982124,rw-kig-001,41.419883105356206,42.52963934352087,38.39818886675817,0.0
2026-05-03 15:35:36.982124,rw-kig-001,47.12216812003052,57.62053245151664,38.14850893638102,0.0
2026-05-03 14:35:36.982124,rw-kig-001,45.398554003271734,45.813334069071516,38.405525068380356,0.0
2026-05-03 13:35:36.982124,rw-kig-001,41.299941081078444,68.45635734267688,38.32922700860121,0.0
2026-05-03 12:35:36.982124,rw-kig-001,54.343149299903544,38.738314942803314,38.0743227435479,0.0
2026-05-03 11:35:36.982124,rw-kig-001,48.99287742328798,56.66419137489028,38.39548223775359,0.0
2026-05-03 10:35:36.982124,rw-kig-001,38.685075042600445,35.38555001095297,38.573428342576385,0.0
2026-05-03 09:35:36.982124,rw-kig-001,40.33964820309987,43.65089666335828,38.37911573319839,0.0
2026-05-03 08:35:36.982124,rw-kig-001,52.80863336556118,57.2696689107108,38.24891328817903,0.0
2026-05-03 07:35:36.982124,rw-kig-001,47.59691660220242,49.68895513023875,38.68970873243738,0.0
2026-05-03 06:35:36.982124,rw-kig-001,50.65054147356348,52.621529292737726,38.73249968881284,0.0
2026-05-03 05:35:36.982124,rw-kig-001,49.992109001387334,42.03107427167666,38.20450550484577,0.0
2026-05-03 04:35:36.982124,rw-kig-001,49.24989990554,61.72207050475219,38.520169598606344,0.0
2026-05-03 03:35:36.982124,rw-kig-001,45.959664026783145,64.4112259249439,38.749430292939444,0.0
2026-05-03 02:35:36.982124,rw-kig-001,47.656777695462566,47.12879343671923,38.68055533891237,0.0
2026-05-03 01:35:36.982124,rw-kig-001,48.77502427383096,38.01050081464561,38.18975355107281,0.0
2026-05-03 00:35:36.982124,rw-kig-001,42.418435600571065,45.21480825704214,38.48475560031366,0.0
2026-05-02 23:35:36.982124,rw-kig-001,48.625641181642656,40.715419530517885,38.4335750964975,0.0
2026-05-02 22:35:36.982124,rw-kig-001,37.91411889063398,34.98969306975903,38.44507016104306,0.0
2026-05-02 21:35:36.982124,rw-kig-001,36.37215274666463,65.483658938114,38.65641934370142,0.0
2026-05-02 20:35:36.982124,rw-kig-001,44.76311572672447,63.7400202539165,38.54032789685327,0.0
2026-05-02 19:35:36.982124,rw-kig-001,47.92125642037154,43.59746514566094,38.72693357809696,0.0
2026-05-02 18:35:36.982124,rw-kig-001,43.738799068609474,46.51830005725196,38.21096374283136,0.0
2026-05-02 17:35:36.982124,rw-kig-001,49.336810921877074,49.76421366867025,38.72799970735591,0.0
2026-05-02 16:35:36.982124,rw-kig-001,37.95490017613579,45.34217074441696,38.26876263174754,0.0
2026-05-02 15:35:36.982124,rw-kig-001,47.15684948203609,55.70694607040787,38.467304183717204,0.0
2026-05-02 14:35:36.982124,rw-kig-001,47.086291980687385,63.73399694888113,38.21411780765758,0.0
2026-05-02 13:35:36.982124,rw-kig-001,41.25446638533517,69.27280381008097,38.62658446757345,0.0
2026-05-02 12:35:36.982124,rw-kig-001,39.719079434927906,48.87346862875973,38.80253766201383,0.0
2026-05-02 11:35:36.982124,rw-kig-001,36.47295106098423,54.45568127671577,38.064510750070774,0.0
2026-05-02 10:35:36.982124,rw-kig-001,46.52582737195757,46.83567881625575,38.4580313726195,0.0
2026-05-02 09:35:36.982124,rw-kig-001,47.629419581797166,50.602514623801625,38.44214172273837,0.0
2026-05-02 08:35:36.982124,rw-kig-001,58.72138363734487,37.06350633344078,38.48215114325679,0.0
2026-05-02 07:35:36.982124,rw-kig-001,43.28233548663969,54.60111107862543,38.55395807224563,0.0
2026-05-02 06:35:36.982124,rw-kig-001,43.04827405038693,39.31643791603552,38.15539694576608,0.0
2026-05-02 05:35:36.982124,rw-kig-001,53.72729507369671,61.133871562090974,38.077507449059574,0.0
2026-05-02 04:35:37.023679,rw-kig-001,43.366483534147356,48.43559321248062,38.29317873151428,0.0
2026-05-02 03:35:37.023679,rw-kig-001,53.51231051813452,57.0398279902051,38.386511274499746,0.0
2026-05-02 02:35:37.023679,rw-kig-001,39.55466093754359,43.69900549351232,38.45387048324938,0.0
2026-05-02 01:35:37.023679,rw-kig-001,41.31739852428763,39.7168847799567,38.56938736792967,0.0
2026-05-02 00:35:37.023679,rw-kig-001,35.19062023018321,61.6195799459591,38.62194807112652,0.0
2026-05-01 23:35:37.023679,rw-kig-001,45.461790431067485,54.88936456037385,38.68829944855693,0.0
2026-05-01 22:35:37.023679,rw-kig-001,48.304067456128585,43.81578394578791,38.31129777777144,0.0
2026-05-01 21:35:37.023679,rw-kig-001,41.01844965478025,35.46565845356281,38.58096836040005,0.0
2026-05-01 20:35:37.023679,rw-kig-001,50.83396100887719,41.357996811636056,38.6802078764219,0.0
2026-05-01 19:35:37.023679,rw-kig-001,49.44962026807113,39.051177375033035,38.31131367574286,0.0
2026-05-01 18:35:37.023679,rw-kig-001,40.47479536329091,42.58403693763083,38.70223315665547,0.0
2026-05-01 17:35:37.023679,rw-kig-001,43.908081744117375,56.17672583123488,38.509620374949115,0.0
2026-05-01 16:35:37.023679,rw-kig-001,44.74648932094037,54.27252547371915,38.28812827546506,0.0
2026-05-01 15:35:37.023679,rw-kig-001,44.50489413696517,48.36741566939048,38.524105423059815,0.0
2026-05-01 14:35:37.023679,rw-kig-001,41.53621240635154,48.485925753345455,38.61656063435208,0.0
2026-05-01 13:35:37.023679,rw-kig-001,36.88685523916234,56.881137263889784,38.61115142530632,0.0
2026-05-01 12:35:37.023679,rw-kig-001,43.936387316693725,45.791249887268,38.736469812345,0.0
2026-05-01 11:35:37.023679,rw-kig-001,54.831210207274964,60.7482678299056,38.51606336355478,0.0
2026-05-01 10:35:37.023679,rw-kig-001,51.90117606092062,39.257302202366446,38.377633042169506,0.0
2026-05-01 09:35:37.023679,rw-kig-001,41.60952275455264,70.77920705250212,38.49328282820157,0.0
2026-05-01 08:35:37.023679,rw-kig-001,44.8166326808723,41.59286652562232,38.26286348137223,0.0
2026-05-01 07:35:37.023679,rw-kig-001,46.960851678989606,55.313390745100826,38.393078184989086,0.0
2026-05-01 06:35:37.023679,rw-kig-001,40.732373868745675,40.287614119627364,38.20246677927868,0.0
2026-05-01 05:35:37.023679,rw-kig-001,50.82447701109704,56.4103169738858,38.598888581865324,0.0
2026-05-01 04:35:37.023679,rw-kig-001,41.21192515093166,51.57127008590031,38.329801554046384,0.0
2026-05-01 03:35:37.023679,rw-kig-001,55.23254519412393,49.25983484065243,38.644854188345235,0.0
2026-05-01 02:35:37.023679,rw-kig-001,39.17353918050519,43.025803664401806,38.387692284482455,0.0
2026-05-01 01:35:37.023679,rw-kig-001,45.27590984803163,58.095906962787176,38.3911483217322,0.0
2026-05-01 00:35:37.023679,rw-kig-001,48.29030388873827,39.01590254533332,38.74469059106301,0.0
2026-04-30 23:35:37.023679,rw-kig-001,60.28267691297079,59.40753494164729,38.505070503025436,0.0
2026-04-30 22:35:37.023679,rw-kig-001,51.77220709896315,42.97491919128246,38.44888948416122,0.0
2026-04-30 21:35:37.023679,rw-kig-001,42.44635503028679,55.25242232409716,38.42604748922736,0.0
2026-04-30 20:35:37.023679,rw-kig-001,44.47991711325456,42.949188289513174,38.37248946280135,0.0
2026-04-30 19:35:37.023679,rw-kig-001,51.84237974359703,41.01140300030038,38.52371821280203,0.0
2026-04-30 18:35:37.023679,rw-kig-001,45.953685840873554,58.519603121851354,38.614914077831735,0.0
2026-04-30 17:35:37.023679,rw-kig-001,41.82966975176204,50.168690010154016,38.53382172692334,0.0
2026-04-30 16:35:37.023679,rw-kig-001,48.8469690069912,41.224536157267906,38.61344976422247,0.0
2026-04-30 15:35:37.023679,rw-kig-001,46.28051579151511,42.75779717264632,38.345717770435805,0.0
2026-04-30 14:35:37.023679,rw-kig-001,55.320787559074745,60.5653782821031,38.28148460112612,0.0
2026-04-30 13:35:37.023679,rw-kig-001,32.39894038887073,69.50129094407777,38.3154629561871,0.0
2026-04-30 12:35:37.023679,rw-kig-001,38.93156052601724,41.48642036109345,38.5189472424442,0.0
2026-04-30 11:35:37.023679,rw-kig-001,50.01125879849118,50.48717027255477,38.600548544130724,0.0
2026-04-30 10:35:37.023679,rw-kig-001,33.73400165667307,52.829131014332845,38.30180375617384,0.0
2026-04-30 09:35:37.023679,rw-kig-001,48.59421850076132,47.01457816389916,38.2967125148952,0.0
2026-04-30 08:35:37.023679,rw-kig-001,41.76448341182653,57.24529268771544,38.34324768162695,0.0
2026-04-30 07:35:37.023679,rw-kig-001,39.33627050055786,61.192398240366536,38.542619734369445,0.0
2026-04-30 06:35:37.023679,rw-kig-001,39.19614197772503,33.96292906644717,37.98100717381908,0.0
2026-04-30 05:35:37.023679,rw-kig-001,46.316102662688245,38.76054075972475,38.37272549274658,0.0
2026-04-30 04:35:37.023679,rw-kig-001,33.83608108551619,41.07720921537723,38.58589334237486,0.0
2026-04-30 03:35:37.023679,rw-kig-001,41.819917910342184,37.940367351507675,38.495316837301644,0.0
2026-04-30 02:35:37.023679,rw-kig-001,46.30404853722107,45.24699964252885,38.48522015087314,0.0
2026-04-30 01:35:37.023679,rw-kig-001,35.402842972616355,49.8646858189813,38.42701760771765,0.0
2026-04-30 00:35:37.023679,rw-kig-001,42.743773394987016,50.32926736252063,38.56706559083138,0.0
2026-04-29 23:35:37.023679,rw-kig-001,41.0371532343524,45.610871612777885,38.91761352897232,0.0
2026-04-29 22:35:37.023679,rw-kig-001,47.273124840487014,45.82458966813266,38.2884738156332,0.0
2026-04-29 21:35:37.023679,rw-kig-001,41.623574306343116,47.601715609249354,38.22554751795878,0.0
2026-04-29 20:35:37.023679,rw-kig-001,54.06840102585405,57.267296985266334,38.62955012030754,0.0
2026-04-29 19:35:37.023679,rw-kig-001,46.06798608488866,58.16976283944522,38.75002311381503,0.0
2026-04-29 18:35:37.023679,rw-kig-001,44.70473204742025,50.27751025812944,38.5218318533934,0.0
2026-04-29 17:35:37.023679,rw-kig-001,45.77855859107759,59.41160356076629,38.59234921171726,0.0
2026-04-29 16:35:37.023679,rw-kig-001,50.67802021200126,41.184688565506896,38.34155844937555,0.0
2026-04-29 15:35:37.023679,rw-kig-001,44.908757297015796,57.823343431197095,38.406701110026866,0.0
2026-04-29 14:35:37.023679,rw-kig-001,42.86989408300829,56.046051171943134,38.664757920688636,0.0
2026-04-29 13:35:37.023679,rw-kig-001,52.036325272621,45.836086477993604,38.55168709389756,0.0
2026-04-29 12:35:37.023679,rw-kig-001,52.0733391133362,38.79335534805456,38.447719906975145,0.0
2026-04-29 11:35:37.023679,rw-kig-001,38.72037919596091,37.58339265158895,38.05495947103371,0.0
2026-04-29 10:35:37.023679,rw-kig-001,42.18626644351308,37.27026709252051,38.32444481512977,0.0
2026-04-29 09:35:37.023679,rw-kig-001,45.67839522256186,68.79219258833896,38.64210945042712,0.0
2026-04-29 08:35:37.023679,rw-kig-001,48.348627332162145,55.880671067253324,38.584306404386666,0.0
2026-04-29 07:35:37.023679,rw-kig-001,43.9688530536448,55.31526864676362,38.38047039363121,0.0
2026-04-29 06:35:37.023679,rw-kig-001,45.951734484190354,39.186143388275866,38.91143852952686,0.0
2026-04-29 05:35:37.023679,rw-kig-001,41.000158951695845,53.83627960308268,38.43819570270107,0.0
2026-04-29 04:35:37.023679,rw-kig-001,40.98507376342545,32.7908439028253,38.83893669868219,0.0
2026-04-29 03:35:37.023679,rw-kig-001,41.59131795312929,41.74351131051626,38.64374427863267,0.0
2026-04-29 02:35:37.023679,rw-kig-001,42.995128891803226,59.84504744720118,38.65611553384651,0.0
2026-04-29 01:35:37.023679,rw-kig-001,48.446781533293745,51.41884334588754,38.425582488295035,0.0
2026-04-29 00:35:37.023679,rw-kig-001,45.70844775543964,49.96253135193948,38.37302517890961,0.0
2026-04-28 23:35:37.023679,rw-kig-001,54.21122522863996,56.751013920037785,38.63364824403998,0.0
2026-04-28 22:35:37.023679,rw-kig-001,47.51433603334116,43.15730842208429,38.1997232304765,0.0
2026-04-28 21:35:37.023679,rw-kig-001,42.10368384748344,61.653287948071764,38.831867170203715,0.0
2026-04-28 20:35:37.023679,rw-kig-001,54.67638855605654,59.118829974649685,38.46064419946398,0.0
2026-04-28 19:35:37.023679,rw-kig-001,45.80213165380005,59.186114933891396,38.335134876391706,0.0
2026-04-28 18:35:37.023679,rw-kig-001,38.65384439364216,57.789471678451456,38.643027588621564,0.0
2026-04-28 17:35:37.023679,rw-kig-001,47.641312052427324,53.7301913465433,38.24002124551632,0.0
2026-04-28 16:35:37.023679,rw-kig-001,44.43187420524386,52.24927033074047,38.48529714986027,0.0
2026-04-28 15:35:37.023679,rw-kig-001,42.145815198740856,46.924787221272055,38.74373503276897,0.0
2026-04-28 14:35:37.023679,rw-kig-001,46.06361364730978,68.92207204877919,38.32434759201189,0.0
2026-04-28 13:35:37.023679,rw-kig-001,34.76380886696945,42.287995609756614,38.76228747404609,0.0
2026-04-28 12:35:37.023679,rw-kig-001,40.66091090205815,41.937499980619606,38.34120077463444,0.0
2026-04-28 11:35:37.023679,rw-kig-001,33.74301158578913,38.21704430783511,38.754572419120535,0.0
2026-04-28 10:35:37.023679,rw-kig-001,46.64835121238842,39.22134540536503,38.409318497140944,0.0
2026-04-28 09:35:37.023679,rw-kig-001,44.152647013878024,46.95721966451272,38.55694339942147,0.0
2026-04-28 08:35:37.023679,rw-kig-001,45.59304244167559,34.84592328423776,38.54363909779923,0.0
2026-04-28 07:35:37.023679,rw-kig-001,45.12170459646884,56.37411589102835,38.674662500459284,0.0
2026-04-28 06:35:37.023679,rw-kig-001,47.50666522554104,61.09094212855673,38.602704977682954,0.0
2026-04-28 05:35:37.023679,rw-kig-001,46.20194193284857,64.74358298604317,38.554631073049244,0.0
2026-04-28 04:35:37.023679,rw-kig-001,42.20110834382376,51.10877169932242,38.47261902291546,0.0
2026-04-28 03:35:37.023679,rw-kig-001,40.584287913433755,64.94925426117868,38.627043616128965,0.0
2026-04-28 02:35:37.023679,rw-kig-001,38.896966457597834,57.02241187649516,38.60950995644008,0.0
2026-04-28 01:35:37.023679,rw-kig-001,56.30104226366979,38.82052744516409,38.525714635726615,0.0
2026-04-28 00:35:37.023679,rw-kig-001,36.74756114758847,35.71677958919715,38.453608698022556,0.0
2026-04-27 23:35:37.023679,rw-kig-001,46.249229380974455,52.65333180838499,38.26453857588663,0.0
2026-04-27 22:35:37.023679,rw-kig-001,45.119831853901964,52.39365188256416,38.526071457083525,0.0
2026-04-27 21:35:37.023679,rw-kig-001,52.05715035491534,50.22692627897224,38.59558150273046,0.0
2026-04-27 20:35:37.023679,rw-kig-001,53.27149004853922,51.83577004006061,38.54624099430532,0.0
2026-04-27 19:35:37.023679,rw-kig-001,43.05056136844718,55.38554740837806,38.62039484488809,0.0
2026-04-27 18:35:37.023679,rw-kig-001,51.16683260223022,43.434230941550915,38.835593155410656,0.0
2026-04-27 17:35:37.023679,rw-kig-001,41.46414788324095,64.5721768357767,38.52956047055837,0.0
2026-04-27 16:35:37.023679,rw-kig-001,47.15013903754194,56.450415925128766,38.0792496160104,0.0
2026-04-27 15:35:37.023679,rw-kig-001,42.88083198753145,48.9114865216763,38.34326452599101,0.0
2026-04-27 14:35:37.023679,rw-kig-001,41.325190074479586,34.06339595015691,38.594034164164,0.0
2026-04-27 13:35:37.023679,rw-kig-001,48.357063388662006,70.75678408498784,38.58862064583,0.0
2026-04-27 12:35:37.023679,rw-kig-001,45.47292684126679,43.255362911488916,38.40361945111781,0.0
2026-04-27 11:35:37.023679,rw-kig-001,51.18409048584388,43.48609446326048,38.53426917082809,0.0
2026-04-27 10:35:37.023679,rw-kig-001,44.598927789332684,34.493280965281706,38.53603064154589,0.0
2026-04-27 09:35:37.023679,rw-kig-001,53.89544627658581,62.417040517887,38.43167779150356,0.0
2026-04-27 08:35:37.023679,rw-kig-001,43.530484669458886,52.69262122346125,38.3941839928282,0.0
2026-04-27 07:35:37.023679,rw-kig-001,44.23327092611742,50.760795200171465,38.50911364984314,0.0
2026-04-27 06:35:37.023679,rw-kig-001,41.19276746353113,63.86684917567922,38.37882294247971,0.0
2026-04-27 05:35:37.023679,rw-kig-001,50.92840854153894,58.694349497941246,38.51942427005899,0.0
2026-04-27 04:35:37.023679,rw-kig-001,41.40022962426339,43.69979234417563,38.204218522151436,0.0
2026-04-27 03:35:37.023679,rw-kig-001,43.81104396310894,60.829999635675556,38.63814146176502,0.0
2026-04-27 02:35:37.023679,rw-kig-001,35.30324637345915,56.673959535673674,38.44654411871086,0.0
2026-04-27 01:35:37.023679,rw-kig-001,39.973212271653004,77.45734414007765,38.36566925055411,0.0
2026-04-27 00:35:37.023679,rw-kig-001,38.50786616525998,56.90624624191886,38.1476437422049,0.0
2026-04-26 23:35:37.023679,rw-kig-001,44.423969068072026,53.609529749246384,38.59929764037859,0.0
2026-04-26 22:35:37.023679,rw-kig-001,40.96324626451983,55.145523258369735,38.54655619729363,0.0
2026-04-26 21:35:37.023679,rw-kig-001,39.732578684788976,52.83439798579377,38.45403784368179,0.0
2026-04-26 20:35:37.023679,rw-kig-001,39.748774959440354,59.74786825779691,38.742896668813074,0.0
2026-04-26 19:35:37.023679,rw-kig-001,44.15347870128047,62.71206813067299,38.632715844037996,0.0
2026-04-26 18:35:37.023679,rw-kig-001,51.13448150607314,50.13296931144006,38.58624346777903,0.0
2026-04-26 17:35:37.023679,rw-kig-001,41.5307106599052,55.16319806899702,38.656266620945786,0.0
2026-04-26 16:35:37.023679,rw-kig-001,54.273428272949815,47.7035947540989,38.4354315253566,0.0
2026-04-26 15:35:37.024681,rw-kig-001,39.71436892774187,28.008737297011187,38.401200458910175,0.0
2026-04-26 14:35:37.024681,rw-kig-001,44.00744756599478,54.27725197156306,38.50754246728982,0.0
2026-04-26 13:35:37.024681,rw-kig-001,49.517142316601365,27.786383566063005,37.98539562219506,0.0
2026-04-26 12:35:37.024681,rw-kig-001,47.84615963465841,65.58326323277271,37.988404191280225,0.0
2026-04-26 11:35:37.024681,rw-kig-001,52.52456807748705,43.57197219424926,38.90363686413099,0.0
2026-04-26 10:35:37.024681,rw-kig-001,39.21419376114557,45.10201524240191,38.77665690900407,0.0
